cart_id,customer_id,created_date
1,141,2023-02-28 00:00:00
2,463,2023-10-23 00:00:00
3,337,2023-10-19 00:00:00
4,469,2023-10-19 00:00:00
5,170,2023-02-07 00:00:00
6,335,2023-05-11 00:00:00
7,403,2023-08-13 00:00:00
8,163,2023-12-01 00:00:00
9,183,2023-09-11 00:00:00
10,168,2023-05-05 00:00:00
11,228,2023-08-11 00:00:00
12,36,2023-01-12 00:00:00
13,230,2023-04-24 00:00:00
14,384,2023-09-16 00:00:00
15,515,2023-01-09 00:00:00
16,204,2023-11-12 00:00:00
17,197,2023-11-25 00:00:00
18,336,2023-04-10 00:00:00
19,274,2023-03-30 00:00:00
20,52,2023-02-25 00:00:00
21,10,2023-09-14 00:00:00
22,245,2023-10-22 00:00:00
23,166,2023-06-28 00:00:00
24,450,2023-07-03 00:00:00
25,290,2023-11-02 00:00:00
26,62,2023-03-05 00:00:00
27,510,2023-10-08 00:00:00
28,506,2023-09-30 00:00:00
29,289,2023-04-23 00:00:00
30,258,2023-02-28 00:00:00
31,451,2023-06-16 00:00:00
32,311,2023-01-16 00:00:00
33,467,2023-08-28 00:00:00
34,9,2023-09-29 00:00:00
35,169,2023-12-29 00:00:00
36,247,2023-01-06 00:00:00
37,151,2023-04-26 00:00:00
38,548,2023-05-16 00:00:00
39,120,2023-02-02 00:00:00
40,89,2023-05-01 00:00:00
41,212,2023-11-25 00:00:00
42,298,2023-10-28 00:00:00
43,41,2023-03-18 00:00:00
44,124,2023-01-04 00:00:00
45,45,2023-02-08 00:00:00
46,253,2023-02-16 00:00:00
47,296,2023-04-17 00:00:00
48,298,2023-04-08 00:00:00
49,374,2023-01-03 00:00:00
50,498,2023-03-31 00:00:00
51,152,2023-07-10 00:00:00
52,272,2023-07-05 00:00:00
53,331,2023-02-21 00:00:00
54,276,2023-05-03 00:00:00
55,80,2023-03-18 00:00:00
56,347,2023-01-18 00:00:00
57,193,2023-06-13 00:00:00
58,387,2023-03-31 00:00:00
59,144,2023-07-18 00:00:00
60,132,2023-05-18 00:00:00
61,99,2023-08-09 00:00:00
62,179,2023-10-05 00:00:00
63,285,2023-12-13 00:00:00
64,448,2023-07-14 00:00:00
65,538,2023-09-18 00:00:00
66,221,2023-05-14 00:00:00
67,220,2023-10-17 00:00:00
68,539,2023-07-11 00:00:00
69,248,2023-01-21 00:00:00
70,40,2023-02-03 00:00:00
71,23,2023-05-29 00:00:00
72,218,2023-04-04 00:00:00
73,542,2023-07-10 00:00:00
74,62,2023-06-25 00:00:00
75,58,2023-05-14 00:00:00
76,349,2023-10-03 00:00:00
77,351,2023-10-14 00:00:00
78,38,2023-01-04 00:00:00
79,216,2023-09-29 00:00:00
80,226,2023-09-05 00:00:00
81,478,2023-11-08 00:00:00
82,36,2023-04-11 00:00:00
83,412,2023-12-15 00:00:00
84,204,2023-06-10 00:00:00
85,107,2023-07-04 00:00:00
86,527,2023-08-13 00:00:00
87,190,2023-10-04 00:00:00
88,211,2023-02-11 00:00:00
89,416,2023-11-01 00:00:00
90,540,2023-08-10 00:00:00
91,253,2023-02-17 00:00:00
92,379,2023-10-19 00:00:00
93,145,2023-08-05 00:00:00
94,422,2023-09-30 00:00:00
95,380,2023-08-12 00:00:00
96,180,2023-10-25 00:00:00
97,265,2023-04-14 00:00:00
98,119,2023-12-07 00:00:00
99,111,2023-03-16 00:00:00
100,452,2023-08-09 00:00:00
101,482,2023-05-01 00:00:00
102,130,2023-12-14 00:00:00
103,442,2023-05-14 00:00:00
104,499,2023-04-24 00:00:00
105,176,2023-09-10 00:00:00
106,537,2023-10-29 00:00:00
107,318,2023-01-11 00:00:00
108,276,2023-10-05 00:00:00
109,479,2023-07-06 00:00:00
110,377,2023-10-24 00:00:00
111,421,2023-07-18 00:00:00
112,277,2023-01-06 00:00:00
113,390,2023-09-15 00:00:00
114,288,2023-06-11 00:00:00
115,139,2023-07-25 00:00:00
116,540,2023-09-30 00:00:00
117,26,2023-11-23 00:00:00
118,3,2023-01-01 00:00:00
119,432,2023-12-23 00:00:00
120,532,2023-06-28 00:00:00
121,15,2023-01-17 00:00:00
122,54,2023-10-26 00:00:00
123,483,2023-03-12 00:00:00
124,65,2023-08-10 00:00:00
125,142,2023-09-17 00:00:00
126,242,2023-04-28 00:00:00
127,188,2023-11-14 00:00:00
128,32,2023-06-06 00:00:00
129,71,2023-07-05 00:00:00
130,117,2023-10-04 00:00:00
131,96,2023-02-19 00:00:00
132,493,2023-01-21 00:00:00
133,208,2023-06-28 00:00:00
134,460,2023-03-05 00:00:00
135,417,2023-10-20 00:00:00
136,322,2023-10-06 00:00:00
137,249,2023-01-30 00:00:00
138,4,2023-01-19 00:00:00
139,49,2023-10-23 00:00:00
140,460,2023-04-13 00:00:00
141,442,2023-02-03 00:00:00
142,524,2023-07-28 00:00:00
143,87,2023-06-07 00:00:00
144,456,2023-12-04 00:00:00
145,366,2023-04-03 00:00:00
146,322,2023-04-08 00:00:00
147,72,2023-05-09 00:00:00
148,143,2023-04-27 00:00:00
149,152,2023-08-06 00:00:00
150,50,2023-12-07 00:00:00
151,529,2023-09-14 00:00:00
152,398,2023-03-16 00:00:00
153,414,2023-04-05 00:00:00
154,304,2023-01-23 00:00:00
155,536,2023-09-26 00:00:00
156,264,2023-09-26 00:00:00
157,282,2023-07-21 00:00:00
158,418,2023-12-02 00:00:00
159,491,2023-08-12 00:00:00
160,95,2023-05-23 00:00:00
161,369,2023-05-02 00:00:00
162,97,2023-05-21 00:00:00
163,25,2023-01-01 00:00:00
164,436,2023-12-24 00:00:00
165,195,2023-03-13 00:00:00
166,231,2023-03-05 00:00:00
167,383,2023-09-19 00:00:00
168,201,2023-06-07 00:00:00
169,160,2023-08-18 00:00:00
170,51,2023-06-07 00:00:00
171,318,2023-11-15 00:00:00
172,226,2023-12-01 00:00:00
173,428,2023-10-29 00:00:00
174,393,2023-10-17 00:00:00
175,499,2023-04-09 00:00:00
176,169,2023-03-22 00:00:00
177,196,2023-01-15 00:00:00
178,375,2023-04-28 00:00:00
179,346,2023-06-27 00:00:00
180,131,2023-09-12 00:00:00
181,174,2023-07-28 00:00:00
182,189,2023-01-30 00:00:00
183,127,2023-06-09 00:00:00
184,345,2023-10-27 00:00:00
185,394,2023-06-08 00:00:00
186,356,2023-10-02 00:00:00
187,116,2023-09-13 00:00:00
188,204,2023-01-26 00:00:00
189,41,2023-02-20 00:00:00
190,530,2023-02-25 00:00:00
191,227,2023-07-01 00:00:00
192,471,2023-02-04 00:00:00
193,486,2023-10-19 00:00:00
194,339,2023-10-08 00:00:00
195,488,2023-07-28 00:00:00
196,117,2023-11-04 00:00:00
197,43,2023-07-03 00:00:00
198,276,2023-06-25 00:00:00
199,464,2023-03-14 00:00:00
200,135,2023-07-26 00:00:00
201,477,2023-02-26 00:00:00
202,545,2023-09-18 00:00:00
203,343,2023-01-09 00:00:00
204,273,2023-10-31 00:00:00
205,300,2023-08-30 00:00:00
206,306,2023-08-07 00:00:00
207,286,2023-08-05 00:00:00
208,78,2023-02-26 00:00:00
209,33,2023-06-15 00:00:00
210,274,2023-10-13 00:00:00
211,126,2023-10-16 00:00:00
212,455,2023-08-31 00:00:00
213,398,2023-02-07 00:00:00
214,234,2023-08-25 00:00:00
215,55,2023-02-19 00:00:00
216,31,2023-07-17 00:00:00
217,188,2023-04-03 00:00:00
218,53,2023-06-01 00:00:00
219,210,2023-09-13 00:00:00
220,149,2023-04-15 00:00:00
221,84,2023-08-29 00:00:00
222,179,2023-06-25 00:00:00
223,505,2023-06-08 00:00:00
224,506,2023-02-08 00:00:00
225,90,2023-10-30 00:00:00
226,289,2023-07-13 00:00:00
227,149,2023-12-17 00:00:00
228,57,2023-06-10 00:00:00
229,79,2023-03-12 00:00:00
230,65,2023-03-03 00:00:00
231,345,2023-06-24 00:00:00
232,452,2023-01-04 00:00:00
233,267,2023-05-31 00:00:00
234,440,2023-08-28 00:00:00
235,343,2023-04-21 00:00:00
236,221,2023-01-16 00:00:00
237,94,2023-04-20 00:00:00
238,180,2023-07-19 00:00:00
239,389,2023-08-25 00:00:00
240,507,2023-05-04 00:00:00
241,367,2023-01-02 00:00:00
242,318,2023-01-11 00:00:00
243,504,2023-02-07 00:00:00
244,199,2023-01-28 00:00:00
245,291,2023-06-30 00:00:00
246,423,2023-10-30 00:00:00
247,390,2023-10-18 00:00:00
248,100,2023-07-08 00:00:00
249,460,2023-05-14 00:00:00
250,146,2023-10-18 00:00:00
251,155,2023-11-17 00:00:00
252,252,2023-12-28 00:00:00
253,329,2023-09-12 00:00:00
254,183,2023-02-08 00:00:00
255,17,2023-04-16 00:00:00
256,35,2023-04-10 00:00:00
257,380,2023-03-10 00:00:00
258,284,2023-12-16 00:00:00
259,377,2023-09-17 00:00:00
260,466,2023-10-28 00:00:00
261,464,2023-01-27 00:00:00
262,197,2023-10-25 00:00:00
263,325,2023-01-30 00:00:00
264,435,2023-07-24 00:00:00
265,93,2023-08-08 00:00:00
266,27,2023-02-08 00:00:00
267,496,2023-04-14 00:00:00
268,42,2023-11-03 00:00:00
269,225,2023-02-04 00:00:00
270,503,2023-09-23 00:00:00
271,188,2023-02-10 00:00:00
272,382,2023-10-24 00:00:00
273,378,2023-09-10 00:00:00
274,460,2023-10-29 00:00:00
275,16,2023-06-22 00:00:00
276,75,2023-11-29 00:00:00
277,138,2023-11-14 00:00:00
278,45,2023-05-06 00:00:00
279,15,2023-02-19 00:00:00
280,21,2023-04-20 00:00:00
281,268,2023-08-07 00:00:00
282,71,2023-07-24 00:00:00
283,511,2023-08-20 00:00:00
284,262,2023-02-16 00:00:00
285,176,2023-05-18 00:00:00
286,473,2023-12-31 00:00:00
287,27,2023-08-30 00:00:00
288,46,2023-01-17 00:00:00
289,321,2023-02-18 00:00:00
290,194,2023-11-23 00:00:00
291,444,2023-12-18 00:00:00
292,92,2023-05-03 00:00:00
293,162,2023-08-31 00:00:00
294,369,2023-12-22 00:00:00
295,401,2023-03-03 00:00:00
296,498,2023-04-20 00:00:00
297,383,2023-09-04 00:00:00
298,168,2023-10-30 00:00:00
299,222,2023-02-02 00:00:00
300,42,2023-09-08 00:00:00
301,219,2023-02-27 00:00:00
302,279,2023-03-09 00:00:00
303,87,2023-11-16 00:00:00
304,485,2023-04-11 00:00:00
305,80,2023-09-02 00:00:00
306,256,2023-12-25 00:00:00
307,274,2023-03-18 00:00:00
308,118,2023-04-22 00:00:00
309,38,2023-02-15 00:00:00
310,401,2023-10-18 00:00:00
311,321,2023-09-20 00:00:00
312,180,2023-12-18 00:00:00
313,490,2023-09-29 00:00:00
314,372,2023-06-23 00:00:00
315,83,2023-06-11 00:00:00
316,273,2023-08-13 00:00:00
317,153,2023-04-10 00:00:00
318,331,2023-07-20 00:00:00
319,163,2023-11-17 00:00:00
320,533,2023-05-21 00:00:00
321,55,2023-12-06 00:00:00
322,517,2023-01-19 00:00:00
323,383,2023-03-24 00:00:00
324,213,2023-04-20 00:00:00
325,344,2023-07-05 00:00:00
326,130,2023-01-21 00:00:00
327,427,2023-10-12 00:00:00
328,82,2023-06-21 00:00:00
329,315,2023-02-12 00:00:00
330,333,2023-05-08 00:00:00
331,292,2023-02-19 00:00:00
332,392,2023-06-05 00:00:00
333,33,2023-06-22 00:00:00
334,261,2023-06-08 00:00:00
335,185,2023-12-06 00:00:00
336,167,2023-05-16 00:00:00
337,4,2023-08-01 00:00:00
338,311,2023-03-13 00:00:00
339,27,2023-07-15 00:00:00
340,404,2023-02-15 00:00:00
341,256,2023-05-30 00:00:00
342,345,2023-01-09 00:00:00
343,181,2023-05-03 00:00:00
344,34,2023-03-16 00:00:00
345,408,2023-10-06 00:00:00
346,37,2023-09-05 00:00:00
347,357,2023-10-22 00:00:00
348,74,2023-10-25 00:00:00
349,77,2023-05-28 00:00:00
350,28,2023-04-01 00:00:00
351,110,2023-05-06 00:00:00
352,155,2023-09-06 00:00:00
353,236,2023-10-17 00:00:00
354,288,2023-09-10 00:00:00
355,213,2023-02-22 00:00:00
356,123,2023-05-25 00:00:00
357,159,2023-12-01 00:00:00
358,72,2023-04-19 00:00:00
359,498,2023-05-06 00:00:00
360,183,2023-11-20 00:00:00
361,236,2023-07-24 00:00:00
362,190,2023-11-27 00:00:00
363,115,2023-02-22 00:00:00
364,288,2023-12-15 00:00:00
365,194,2023-10-28 00:00:00
366,265,2023-11-30 00:00:00
367,262,2023-09-03 00:00:00
368,76,2023-01-25 00:00:00
369,337,2023-12-10 00:00:00
370,428,2023-03-28 00:00:00
371,475,2023-02-09 00:00:00
372,127,2023-10-17 00:00:00
373,471,2023-11-01 00:00:00
374,43,2023-08-11 00:00:00
375,485,2023-07-21 00:00:00
376,430,2023-03-22 00:00:00
377,126,2023-08-30 00:00:00
378,209,2023-03-14 00:00:00
379,22,2023-02-14 00:00:00
380,58,2023-08-15 00:00:00
381,163,2023-05-03 00:00:00
382,160,2023-09-25 00:00:00
383,287,2023-11-07 00:00:00
384,80,2023-06-10 00:00:00
385,359,2023-10-05 00:00:00
386,42,2023-07-26 00:00:00
387,283,2023-04-02 00:00:00
388,30,2023-07-23 00:00:00
389,228,2023-10-13 00:00:00
390,110,2023-07-21 00:00:00
391,149,2023-07-27 00:00:00
392,217,2023-09-12 00:00:00
393,93,2023-01-18 00:00:00
394,489,2023-01-11 00:00:00
395,153,2023-09-28 00:00:00
396,261,2023-05-22 00:00:00
397,398,2023-12-08 00:00:00
398,334,2023-12-14 00:00:00
399,215,2023-06-09 00:00:00
400,452,2023-02-26 00:00:00
401,352,2023-04-22 00:00:00
402,202,2023-12-18 00:00:00
403,349,2023-02-06 00:00:00
404,169,2023-09-30 00:00:00
405,256,2023-04-10 00:00:00
406,16,2023-06-03 00:00:00
407,86,2023-05-16 00:00:00
408,449,2023-04-30 00:00:00
409,384,2023-04-01 00:00:00
410,435,2023-03-28 00:00:00
411,239,2023-11-12 00:00:00
412,389,2023-03-13 00:00:00
413,10,2023-09-18 00:00:00
414,12,2023-08-29 00:00:00
415,428,2023-07-16 00:00:00
416,357,2023-04-22 00:00:00
417,118,2023-03-25 00:00:00
418,78,2023-12-05 00:00:00
419,61,2023-11-23 00:00:00
420,469,2023-10-22 00:00:00
421,400,2023-01-01 00:00:00
422,104,2023-07-31 00:00:00
423,428,2023-01-12 00:00:00
424,292,2023-08-07 00:00:00
425,91,2023-09-18 00:00:00
426,370,2023-02-08 00:00:00
427,445,2023-08-01 00:00:00
428,62,2023-02-24 00:00:00
429,289,2023-09-23 00:00:00
430,265,2023-09-13 00:00:00
431,130,2023-02-07 00:00:00
432,391,2023-02-18 00:00:00
433,421,2023-08-12 00:00:00
434,481,2023-11-02 00:00:00
435,528,2023-09-06 00:00:00
436,351,2023-01-30 00:00:00
437,368,2023-07-27 00:00:00
438,253,2023-07-04 00:00:00
439,399,2023-08-12 00:00:00
440,510,2023-11-23 00:00:00
441,50,2023-01-09 00:00:00
442,398,2023-10-13 00:00:00
443,274,2023-01-23 00:00:00
444,133,2023-06-20 00:00:00
445,536,2023-03-09 00:00:00
446,268,2023-08-12 00:00:00
447,539,2023-10-19 00:00:00
448,283,2023-10-14 00:00:00
449,288,2023-04-15 00:00:00
450,38,2023-12-25 00:00:00
451,418,2023-12-09 00:00:00
452,513,2023-07-20 00:00:00
453,353,2023-07-17 00:00:00
454,524,2023-05-25 00:00:00
455,289,2023-09-02 00:00:00
456,354,2023-01-04 00:00:00
457,39,2023-03-04 00:00:00
458,521,2023-02-08 00:00:00
459,115,2023-03-20 00:00:00
460,368,2023-06-02 00:00:00
461,115,2023-12-28 00:00:00
462,187,2023-03-07 00:00:00
463,39,2023-05-28 00:00:00
464,178,2023-11-02 00:00:00
465,428,2023-01-30 00:00:00
466,238,2023-01-24 00:00:00
467,228,2023-08-27 00:00:00
468,50,2023-10-03 00:00:00
469,80,2023-09-30 00:00:00
470,202,2023-02-22 00:00:00
471,544,2023-05-21 00:00:00
472,33,2023-11-26 00:00:00
473,50,2023-07-11 00:00:00
474,505,2023-06-14 00:00:00
475,546,2023-09-20 00:00:00
476,60,2023-10-16 00:00:00
477,186,2023-03-13 00:00:00
478,33,2023-10-28 00:00:00
479,345,2023-08-20 00:00:00
480,4,2023-07-07 00:00:00
481,442,2023-04-09 00:00:00
482,44,2023-07-30 00:00:00
483,145,2023-06-03 00:00:00
484,441,2023-05-25 00:00:00
485,352,2023-08-12 00:00:00
486,49,2023-07-06 00:00:00
487,207,2023-05-03 00:00:00
488,117,2023-01-11 00:00:00
489,507,2023-05-10 00:00:00
490,115,2023-04-06 00:00:00
491,337,2023-08-13 00:00:00
492,277,2023-07-01 00:00:00
493,51,2023-06-07 00:00:00
494,239,2023-07-04 00:00:00
495,158,2023-12-26 00:00:00
496,470,2023-10-17 00:00:00
497,65,2023-07-29 00:00:00
498,270,2023-09-29 00:00:00
499,431,2023-06-08 00:00:00
500,542,2023-05-31 00:00:00
501,218,2023-11-10 00:00:00
502,159,2023-06-16 00:00:00
503,275,2023-04-29 00:00:00
504,284,2023-12-18 00:00:00
505,248,2023-07-15 00:00:00
506,156,2023-08-04 00:00:00
507,418,2023-04-10 00:00:00
508,534,2023-01-08 00:00:00
509,360,2023-05-06 00:00:00
510,48,2023-04-26 00:00:00
511,67,2023-04-10 00:00:00
512,396,2023-11-27 00:00:00
513,239,2023-07-04 00:00:00
514,481,2023-07-16 00:00:00
515,92,2023-06-13 00:00:00
516,139,2023-01-05 00:00:00
517,401,2023-06-03 00:00:00
518,194,2023-06-01 00:00:00
519,371,2023-11-17 00:00:00
520,498,2023-08-18 00:00:00
521,244,2023-10-30 00:00:00
522,419,2023-12-03 00:00:00
523,134,2023-03-26 00:00:00
524,71,2023-04-07 00:00:00
525,536,2023-10-28 00:00:00
526,482,2023-07-10 00:00:00
527,338,2023-01-12 00:00:00
528,335,2023-05-01 00:00:00
529,483,2023-06-02 00:00:00
530,216,2023-05-04 00:00:00
531,478,2023-01-13 00:00:00
532,278,2023-05-26 00:00:00
533,304,2023-10-04 00:00:00
534,539,2023-07-14 00:00:00
535,193,2023-04-23 00:00:00
536,307,2023-07-30 00:00:00
537,188,2023-02-07 00:00:00
538,28,2023-08-20 00:00:00
539,130,2023-11-08 00:00:00
540,394,2023-06-18 00:00:00
541,219,2023-08-13 00:00:00
542,451,2023-09-23 00:00:00
543,356,2023-05-17 00:00:00
544,301,2023-04-28 00:00:00
545,228,2023-11-16 00:00:00
546,87,2023-06-12 00:00:00
547,417,2023-06-25 00:00:00
548,462,2023-06-16 00:00:00
549,287,2023-12-19 00:00:00
550,492,2023-08-30 00:00:00
551,495,2023-04-02 00:00:00
552,168,2023-09-24 00:00:00
553,150,2023-11-03 00:00:00
554,336,2023-12-25 00:00:00
555,420,2023-03-02 00:00:00
556,104,2023-06-16 00:00:00
557,447,2023-10-17 00:00:00
558,362,2023-03-02 00:00:00
559,474,2023-08-16 00:00:00
560,358,2023-11-30 00:00:00
561,171,2023-01-12 00:00:00
562,471,2023-11-05 00:00:00
563,188,2023-11-30 00:00:00
564,44,2023-10-08 00:00:00
565,51,2023-01-13 00:00:00
566,485,2023-01-26 00:00:00
567,250,2023-07-17 00:00:00
568,259,2023-08-06 00:00:00
569,484,2023-01-10 00:00:00
570,517,2023-03-25 00:00:00
571,215,2023-05-27 00:00:00
572,99,2023-10-12 00:00:00
573,106,2023-12-09 00:00:00
574,347,2023-11-01 00:00:00
575,456,2023-08-25 00:00:00
576,214,2023-07-14 00:00:00
577,87,2023-10-19 00:00:00
578,171,2023-02-24 00:00:00
579,236,2023-07-23 00:00:00
580,464,2023-07-09 00:00:00
581,290,2023-10-13 00:00:00
582,481,2023-04-18 00:00:00
583,361,2023-11-02 00:00:00
584,441,2023-02-13 00:00:00
585,35,2023-03-21 00:00:00
586,61,2023-04-12 00:00:00
587,5,2023-03-18 00:00:00
588,76,2023-03-15 00:00:00
589,522,2023-01-16 00:00:00
590,514,2023-05-14 00:00:00
591,326,2023-10-14 00:00:00
592,299,2023-09-11 00:00:00
593,21,2023-08-20 00:00:00
594,228,2023-07-19 00:00:00
595,480,2023-02-14 00:00:00
596,342,2023-03-22 00:00:00
597,183,2023-09-19 00:00:00
598,452,2023-01-10 00:00:00
599,370,2023-09-13 00:00:00
600,42,2023-05-31 00:00:00
601,30,2023-04-09 00:00:00
602,472,2023-05-21 00:00:00
603,527,2023-10-20 00:00:00
604,408,2023-03-11 00:00:00
605,392,2023-02-19 00:00:00
606,108,2023-03-03 00:00:00
607,243,2023-08-13 00:00:00
608,282,2023-09-03 00:00:00
609,287,2023-05-02 00:00:00
610,58,2023-03-09 00:00:00
611,443,2023-03-09 00:00:00
612,289,2023-04-18 00:00:00
613,537,2023-11-17 00:00:00
614,471,2023-02-11 00:00:00
615,531,2023-09-25 00:00:00
616,56,2023-08-04 00:00:00
617,10,2023-04-10 00:00:00
618,455,2023-08-20 00:00:00
619,352,2023-07-24 00:00:00
620,52,2023-07-11 00:00:00
621,204,2023-04-16 00:00:00
622,335,2023-08-29 00:00:00
623,424,2023-05-10 00:00:00
624,332,2023-10-09 00:00:00
625,330,2023-11-12 00:00:00
626,254,2023-07-07 00:00:00
627,208,2023-01-19 00:00:00
628,249,2023-10-29 00:00:00
629,80,2023-08-17 00:00:00
630,534,2023-10-03 00:00:00
631,353,2023-11-07 00:00:00
632,101,2023-10-05 00:00:00
633,59,2023-06-23 00:00:00
634,231,2023-09-12 00:00:00
635,115,2023-07-28 00:00:00
636,323,2023-01-18 00:00:00
637,417,2023-01-05 00:00:00
638,120,2023-04-04 00:00:00
639,543,2023-12-30 00:00:00
640,453,2023-09-08 00:00:00
641,17,2023-08-04 00:00:00
642,500,2023-09-20 00:00:00
643,312,2023-03-09 00:00:00
644,357,2023-02-24 00:00:00
645,194,2023-10-18 00:00:00
646,78,2023-12-15 00:00:00
647,184,2023-07-29 00:00:00
648,293,2023-11-07 00:00:00
649,489,2023-02-12 00:00:00
650,423,2023-02-21 00:00:00
651,34,2023-02-18 00:00:00
652,169,2023-03-21 00:00:00
653,63,2023-04-25 00:00:00
654,220,2023-11-06 00:00:00
655,438,2023-08-10 00:00:00
656,120,2023-03-03 00:00:00
657,451,2023-10-19 00:00:00
658,497,2023-09-26 00:00:00
659,497,2023-07-07 00:00:00
660,17,2023-02-07 00:00:00
661,59,2023-05-12 00:00:00
662,258,2023-11-03 00:00:00
663,360,2023-09-17 00:00:00
664,386,2023-08-11 00:00:00
665,152,2023-10-30 00:00:00
666,426,2023-06-09 00:00:00
667,518,2023-07-02 00:00:00
668,263,2023-03-01 00:00:00
669,324,2023-07-09 00:00:00
670,475,2023-01-11 00:00:00
671,126,2023-10-18 00:00:00
672,295,2023-01-17 00:00:00
673,87,2023-12-17 00:00:00
674,464,2023-07-05 00:00:00
675,249,2023-04-25 00:00:00
676,296,2023-01-14 00:00:00
677,319,2023-01-13 00:00:00
678,186,2023-06-30 00:00:00
679,209,2023-02-14 00:00:00
680,294,2023-01-28 00:00:00
681,28,2023-07-08 00:00:00
682,243,2023-11-07 00:00:00
683,237,2023-09-18 00:00:00
684,117,2023-07-09 00:00:00
685,374,2023-07-20 00:00:00
686,487,2023-12-14 00:00:00
687,471,2023-03-17 00:00:00
688,419,2023-08-23 00:00:00
689,501,2023-06-08 00:00:00
690,199,2023-11-21 00:00:00
691,442,2023-05-07 00:00:00
692,545,2023-11-09 00:00:00
693,169,2023-03-28 00:00:00
694,303,2023-01-04 00:00:00
695,410,2023-09-06 00:00:00
696,254,2023-02-21 00:00:00
697,426,2023-10-01 00:00:00
698,487,2023-10-20 00:00:00
699,64,2023-01-10 00:00:00
700,303,2023-07-27 00:00:00
701,390,2023-04-30 00:00:00
702,279,2023-02-18 00:00:00
703,449,2023-10-19 00:00:00
704,143,2023-06-24 00:00:00
705,520,2023-04-02 00:00:00
706,172,2023-07-09 00:00:00
707,252,2023-05-21 00:00:00
708,532,2023-10-15 00:00:00
709,267,2023-06-02 00:00:00
710,56,2023-05-21 00:00:00
711,322,2023-10-03 00:00:00
712,361,2023-12-31 00:00:00
713,481,2023-01-26 00:00:00
714,140,2023-07-02 00:00:00
715,105,2023-11-16 00:00:00
716,174,2023-04-11 00:00:00
717,13,2023-04-11 00:00:00
718,435,2023-01-03 00:00:00
719,43,2023-09-11 00:00:00
720,41,2023-10-19 00:00:00
721,50,2023-12-31 00:00:00
722,270,2023-09-02 00:00:00
723,204,2023-01-02 00:00:00
724,140,2023-11-08 00:00:00
725,234,2023-01-28 00:00:00
726,348,2023-05-12 00:00:00
727,431,2023-01-28 00:00:00
728,312,2023-06-10 00:00:00
729,322,2023-04-15 00:00:00
730,341,2023-09-15 00:00:00
731,201,2023-05-05 00:00:00
732,302,2023-07-18 00:00:00
733,121,2023-08-18 00:00:00
734,394,2023-11-14 00:00:00
735,444,2023-10-07 00:00:00
736,128,2023-07-04 00:00:00
737,522,2023-09-13 00:00:00
738,544,2023-01-19 00:00:00
739,534,2023-10-16 00:00:00
740,373,2023-07-17 00:00:00
741,62,2023-08-19 00:00:00
742,421,2023-11-13 00:00:00
743,274,2023-05-29 00:00:00
744,275,2023-09-11 00:00:00
745,267,2023-08-26 00:00:00
746,391,2023-01-22 00:00:00
747,110,2023-09-27 00:00:00
748,468,2023-01-01 00:00:00
749,237,2023-05-21 00:00:00
750,451,2023-10-10 00:00:00
751,75,2023-08-01 00:00:00
752,536,2023-06-06 00:00:00
753,88,2023-03-02 00:00:00
754,300,2023-06-28 00:00:00
755,232,2023-01-23 00:00:00
756,161,2023-10-20 00:00:00
757,8,2023-06-08 00:00:00
758,189,2023-07-08 00:00:00
759,181,2023-04-03 00:00:00
760,308,2023-07-01 00:00:00
761,289,2023-01-30 00:00:00
762,302,2023-01-29 00:00:00
763,308,2023-07-17 00:00:00
764,16,2023-01-24 00:00:00
765,430,2023-09-30 00:00:00
766,331,2023-12-16 00:00:00
767,144,2023-08-22 00:00:00
768,89,2023-08-10 00:00:00
769,494,2023-11-06 00:00:00
770,265,2023-11-04 00:00:00
771,129,2023-03-14 00:00:00
772,82,2023-11-20 00:00:00
773,512,2023-01-16 00:00:00
774,450,2023-12-17 00:00:00
775,408,2023-11-09 00:00:00
776,119,2023-11-03 00:00:00
777,548,2023-12-29 00:00:00
778,98,2023-01-05 00:00:00
779,374,2023-09-26 00:00:00
780,289,2023-02-20 00:00:00
781,462,2023-03-14 00:00:00
782,47,2023-11-10 00:00:00
783,163,2023-03-28 00:00:00
784,465,2023-01-12 00:00:00
785,411,2023-04-19 00:00:00
786,494,2023-06-06 00:00:00
787,437,2023-05-05 00:00:00
788,284,2023-04-04 00:00:00
789,69,2023-09-07 00:00:00
790,86,2023-11-10 00:00:00
791,195,2023-03-06 00:00:00
792,120,2023-08-27 00:00:00
793,136,2023-12-25 00:00:00
794,29,2023-08-30 00:00:00
795,54,2023-08-18 00:00:00
796,482,2023-12-11 00:00:00
797,363,2023-09-05 00:00:00
798,357,2023-05-13 00:00:00
799,528,2023-07-16 00:00:00
800,298,2023-12-29 00:00:00
801,96,2023-03-08 00:00:00
802,347,2023-10-19 00:00:00
803,178,2023-12-17 00:00:00
804,505,2023-03-06 00:00:00
805,179,2023-01-04 00:00:00
806,300,2023-07-07 00:00:00
807,39,2023-08-25 00:00:00
808,295,2023-03-17 00:00:00
809,499,2023-10-27 00:00:00
810,117,2023-01-01 00:00:00
811,544,2023-08-16 00:00:00
812,354,2023-01-09 00:00:00
813,209,2023-10-15 00:00:00
814,519,2023-11-23 00:00:00
815,469,2023-04-23 00:00:00
816,516,2023-02-28 00:00:00
817,262,2023-11-18 00:00:00
818,466,2023-04-17 00:00:00
819,241,2023-06-20 00:00:00
820,431,2023-05-13 00:00:00
821,465,2023-03-20 00:00:00
822,157,2023-08-31 00:00:00
823,436,2023-04-11 00:00:00
824,446,2023-04-23 00:00:00
825,417,2023-07-05 00:00:00
826,478,2023-08-11 00:00:00
827,145,2023-07-10 00:00:00
828,53,2023-04-15 00:00:00
829,219,2023-01-14 00:00:00
830,477,2023-04-27 00:00:00
831,52,2023-07-12 00:00:00
832,499,2023-07-10 00:00:00
833,533,2023-11-25 00:00:00
834,449,2023-07-08 00:00:00
835,87,2023-06-29 00:00:00
836,467,2023-11-20 00:00:00
837,416,2023-07-20 00:00:00
838,120,2023-07-30 00:00:00
839,371,2023-11-11 00:00:00
840,355,2023-04-27 00:00:00
841,339,2023-06-23 00:00:00
842,332,2023-07-29 00:00:00
843,302,2023-11-05 00:00:00
844,324,2023-03-13 00:00:00
845,357,2023-10-07 00:00:00
846,162,2023-12-08 00:00:00
847,104,2023-07-06 00:00:00
848,388,2023-04-14 00:00:00
849,433,2023-10-11 00:00:00
850,303,2023-11-22 00:00:00
851,206,2023-03-03 00:00:00
852,533,2023-06-10 00:00:00
853,229,2023-09-01 00:00:00
854,130,2023-05-09 00:00:00
855,357,2023-12-11 00:00:00
856,418,2023-01-02 00:00:00
857,478,2023-06-18 00:00:00
858,395,2023-05-31 00:00:00
859,42,2023-11-22 00:00:00
860,161,2023-01-08 00:00:00
861,459,2023-01-15 00:00:00
862,224,2023-08-18 00:00:00
863,171,2023-06-06 00:00:00
864,333,2023-04-04 00:00:00
865,443,2023-12-01 00:00:00
866,44,2023-08-09 00:00:00
867,410,2023-07-08 00:00:00
868,265,2023-05-27 00:00:00
869,38,2023-08-28 00:00:00
870,519,2023-01-23 00:00:00
871,473,2023-08-21 00:00:00
872,189,2023-11-28 00:00:00
873,273,2023-12-13 00:00:00
874,84,2023-02-23 00:00:00
875,80,2023-08-18 00:00:00
876,428,2023-02-18 00:00:00
877,373,2023-05-05 00:00:00
878,466,2023-12-31 00:00:00
879,212,2023-09-28 00:00:00
880,476,2023-09-20 00:00:00
881,67,2023-02-14 00:00:00
882,507,2023-05-04 00:00:00
883,105,2023-12-20 00:00:00
884,214,2023-09-02 00:00:00
885,71,2023-06-27 00:00:00
886,328,2023-03-13 00:00:00
887,124,2023-01-19 00:00:00
888,298,2023-04-10 00:00:00
889,229,2023-11-16 00:00:00
890,264,2023-11-13 00:00:00
891,22,2023-07-01 00:00:00
892,251,2023-07-23 00:00:00
893,237,2023-04-02 00:00:00
894,488,2023-06-13 00:00:00
895,534,2023-05-18 00:00:00
896,399,2023-10-12 00:00:00
897,284,2023-03-20 00:00:00
898,250,2023-05-06 00:00:00
899,181,2023-06-01 00:00:00
900,261,2023-08-01 00:00:00
901,470,2023-04-15 00:00:00
902,28,2023-05-16 00:00:00
903,330,2023-09-24 00:00:00
904,175,2023-02-25 00:00:00
905,122,2023-09-14 00:00:00
906,494,2023-05-17 00:00:00
907,173,2023-01-08 00:00:00
908,93,2023-05-16 00:00:00
909,2,2023-10-02 00:00:00
910,465,2023-09-23 00:00:00
911,213,2023-10-24 00:00:00
912,241,2023-12-04 00:00:00
913,421,2023-10-11 00:00:00
914,247,2023-03-11 00:00:00
915,495,2023-11-07 00:00:00
916,452,2023-01-08 00:00:00
917,380,2023-03-15 00:00:00
918,221,2023-02-11 00:00:00
919,251,2023-12-06 00:00:00
920,234,2023-12-06 00:00:00
921,537,2023-03-18 00:00:00
922,479,2023-08-27 00:00:00
923,545,2023-03-14 00:00:00
924,160,2023-03-24 00:00:00
925,280,2023-02-28 00:00:00
926,168,2023-11-02 00:00:00
927,422,2023-08-06 00:00:00
928,381,2023-03-08 00:00:00
929,195,2023-01-01 00:00:00
930,200,2023-11-25 00:00:00
931,115,2023-08-06 00:00:00
932,82,2023-10-07 00:00:00
933,191,2023-12-31 00:00:00
934,80,2023-07-28 00:00:00
935,121,2023-07-13 00:00:00
936,294,2023-10-08 00:00:00
937,491,2023-04-12 00:00:00
938,436,2023-01-03 00:00:00
939,64,2023-02-19 00:00:00
940,296,2023-09-12 00:00:00
941,52,2023-11-03 00:00:00
942,275,2023-08-11 00:00:00
943,179,2023-02-04 00:00:00
944,437,2023-12-01 00:00:00
945,390,2023-10-05 00:00:00
946,278,2023-06-09 00:00:00
947,97,2023-01-19 00:00:00
948,294,2023-03-29 00:00:00
949,273,2023-10-17 00:00:00
950,214,2023-10-26 00:00:00
951,365,2023-04-24 00:00:00
952,288,2023-04-02 00:00:00
953,129,2023-04-08 00:00:00
954,362,2023-08-24 00:00:00
955,345,2023-05-21 00:00:00
956,349,2023-03-15 00:00:00
957,180,2023-07-04 00:00:00
958,349,2023-10-03 00:00:00
959,369,2023-02-12 00:00:00
960,317,2023-12-10 00:00:00
961,142,2023-09-03 00:00:00
962,18,2023-07-01 00:00:00
963,491,2023-02-08 00:00:00
964,515,2023-12-26 00:00:00
965,10,2023-10-30 00:00:00
966,389,2023-01-06 00:00:00
967,151,2023-12-26 00:00:00
968,314,2023-10-21 00:00:00
969,515,2023-03-02 00:00:00
970,418,2023-07-24 00:00:00
971,503,2023-08-18 00:00:00
972,180,2023-03-09 00:00:00
973,151,2023-03-08 00:00:00
974,514,2023-09-09 00:00:00
975,509,2023-07-13 00:00:00
976,382,2023-12-10 00:00:00
977,440,2023-05-05 00:00:00
978,341,2023-05-12 00:00:00
979,263,2023-08-17 00:00:00
980,305,2023-10-04 00:00:00
981,200,2023-08-08 00:00:00
982,536,2023-12-25 00:00:00
983,433,2023-01-02 00:00:00
984,304,2023-01-19 00:00:00
985,42,2023-04-26 00:00:00
986,182,2023-06-02 00:00:00
987,364,2023-07-27 00:00:00
988,302,2023-11-07 00:00:00
989,14,2023-10-26 00:00:00
990,246,2023-03-17 00:00:00
991,170,2023-08-04 00:00:00
992,213,2023-06-03 00:00:00
993,318,2023-04-16 00:00:00
994,364,2023-12-22 00:00:00
995,151,2023-05-03 00:00:00
996,53,2023-11-06 00:00:00
997,109,2023-12-08 00:00:00
998,123,2023-05-14 00:00:00
999,408,2023-02-21 00:00:00
1000,239,2023-01-18 00:00:00
1001,33,2023-10-13 00:00:00
1002,96,2023-03-23 00:00:00
1003,71,2023-03-15 00:00:00
1004,331,2023-06-07 00:00:00
1005,272,2023-03-07 00:00:00
1006,116,2023-10-23 00:00:00
1007,530,2023-01-29 00:00:00
1008,284,2023-07-14 00:00:00
1009,470,2023-01-30 00:00:00
1010,140,2023-01-24 00:00:00
1011,427,2023-05-03 00:00:00
1012,219,2023-11-27 00:00:00
1013,401,2023-02-15 00:00:00
1014,321,2023-05-08 00:00:00
1015,104,2023-12-14 00:00:00
1016,516,2023-02-14 00:00:00
1017,185,2023-10-21 00:00:00
1018,70,2023-02-21 00:00:00
1019,58,2023-11-22 00:00:00
1020,409,2023-08-05 00:00:00
1021,287,2023-02-15 00:00:00
1022,193,2023-07-02 00:00:00
1023,113,2023-06-04 00:00:00
1024,160,2023-01-15 00:00:00
1025,168,2023-01-19 00:00:00
1026,36,2023-12-03 00:00:00
1027,249,2023-08-16 00:00:00
1028,192,2023-07-18 00:00:00
1029,235,2023-02-20 00:00:00
1030,201,2023-04-25 00:00:00
1031,124,2023-01-02 00:00:00
1032,228,2023-02-13 00:00:00
1033,241,2023-07-06 00:00:00
1034,237,2023-11-19 00:00:00
1035,475,2023-03-24 00:00:00
1036,186,2023-10-28 00:00:00
1037,120,2023-01-12 00:00:00
1038,401,2023-09-26 00:00:00
1039,15,2023-04-08 00:00:00
1040,460,2023-01-29 00:00:00
1041,234,2023-04-27 00:00:00
1042,440,2023-07-23 00:00:00
1043,336,2023-03-13 00:00:00
1044,200,2023-08-14 00:00:00
1045,537,2023-11-12 00:00:00
1046,487,2023-04-04 00:00:00
1047,376,2023-08-17 00:00:00
1048,291,2023-12-21 00:00:00
1049,100,2023-04-10 00:00:00
1050,281,2023-12-27 00:00:00
1051,210,2023-07-23 00:00:00
1052,433,2023-07-07 00:00:00
1053,224,2023-08-28 00:00:00
1054,264,2023-09-08 00:00:00
1055,427,2023-02-15 00:00:00
1056,328,2023-08-23 00:00:00
1057,90,2023-03-19 00:00:00
1058,483,2023-11-21 00:00:00
1059,182,2023-10-19 00:00:00
1060,254,2023-05-20 00:00:00
1061,211,2023-02-12 00:00:00
1062,491,2023-09-01 00:00:00
1063,72,2023-08-17 00:00:00
1064,479,2023-06-27 00:00:00
1065,88,2023-05-20 00:00:00
1066,510,2023-06-09 00:00:00
1067,371,2023-12-27 00:00:00
1068,538,2023-01-16 00:00:00
1069,1,2023-09-28 00:00:00
1070,469,2023-11-18 00:00:00
1071,323,2023-03-03 00:00:00
1072,12,2023-11-29 00:00:00
1073,328,2023-02-01 00:00:00
1074,491,2023-08-25 00:00:00
1075,38,2023-08-27 00:00:00
1076,452,2023-10-09 00:00:00
1077,227,2023-04-02 00:00:00
1078,330,2023-04-21 00:00:00
1079,368,2023-06-10 00:00:00
1080,407,2023-05-13 00:00:00
1081,441,2023-05-29 00:00:00
1082,249,2023-07-26 00:00:00
1083,149,2023-11-11 00:00:00
1084,224,2023-11-03 00:00:00
1085,316,2023-01-04 00:00:00
1086,270,2023-05-31 00:00:00
1087,142,2023-05-16 00:00:00
1088,150,2023-11-19 00:00:00
1089,431,2023-08-27 00:00:00
1090,466,2023-11-19 00:00:00
1091,240,2023-08-03 00:00:00
1092,222,2023-11-07 00:00:00
1093,328,2023-05-13 00:00:00
1094,278,2023-01-16 00:00:00
1095,439,2023-10-01 00:00:00
1096,439,2023-02-25 00:00:00
1097,333,2023-06-21 00:00:00
1098,306,2023-05-03 00:00:00
1099,108,2023-07-12 00:00:00
1100,101,2023-11-09 00:00:00
1101,451,2023-07-08 00:00:00
1102,154,2023-10-01 00:00:00
1103,237,2023-12-19 00:00:00
1104,346,2023-06-30 00:00:00
1105,315,2023-07-28 00:00:00
1106,252,2023-08-29 00:00:00
1107,109,2023-09-08 00:00:00
1108,417,2023-06-05 00:00:00
1109,266,2023-01-01 00:00:00
1110,479,2023-07-05 00:00:00
1111,485,2023-10-15 00:00:00
1112,413,2023-02-01 00:00:00
1113,228,2023-08-06 00:00:00
1114,61,2023-10-11 00:00:00
1115,88,2023-03-10 00:00:00
1116,186,2023-08-19 00:00:00
1117,164,2023-03-27 00:00:00
1118,143,2023-06-29 00:00:00
1119,427,2023-03-22 00:00:00
1120,102,2023-06-09 00:00:00
1121,19,2023-02-16 00:00:00
1122,217,2023-06-05 00:00:00
1123,99,2023-09-05 00:00:00
1124,448,2023-12-29 00:00:00
1125,217,2023-07-05 00:00:00
1126,125,2023-11-10 00:00:00
1127,117,2023-02-11 00:00:00
1128,389,2023-08-01 00:00:00
1129,56,2023-03-23 00:00:00
1130,76,2023-04-05 00:00:00
1131,460,2023-10-23 00:00:00
1132,337,2023-08-30 00:00:00
1133,165,2023-12-07 00:00:00
1134,71,2023-08-07 00:00:00
1135,478,2023-01-13 00:00:00
1136,17,2023-05-31 00:00:00
1137,507,2023-01-06 00:00:00
1138,229,2023-07-29 00:00:00
1139,292,2023-11-06 00:00:00
1140,337,2023-04-20 00:00:00
1141,528,2023-12-29 00:00:00
1142,364,2023-11-09 00:00:00
1143,56,2023-11-02 00:00:00
1144,354,2023-02-20 00:00:00
1145,175,2023-04-07 00:00:00
1146,142,2023-08-27 00:00:00
1147,233,2023-03-18 00:00:00
1148,468,2023-04-25 00:00:00
1149,357,2023-09-24 00:00:00
1150,331,2023-02-01 00:00:00
1151,449,2023-06-02 00:00:00
1152,16,2023-02-02 00:00:00
1153,216,2023-01-23 00:00:00
1154,195,2023-06-19 00:00:00
1155,295,2023-03-25 00:00:00
1156,540,2023-10-25 00:00:00
1157,421,2023-10-12 00:00:00
1158,196,2023-10-11 00:00:00
1159,166,2023-05-01 00:00:00
1160,526,2023-03-25 00:00:00
1161,340,2023-12-24 00:00:00
1162,305,2023-10-20 00:00:00
1163,264,2023-07-03 00:00:00
1164,199,2023-06-10 00:00:00
1165,181,2023-03-28 00:00:00
1166,150,2023-07-17 00:00:00
1167,265,2023-01-27 00:00:00
1168,491,2023-04-07 00:00:00
1169,97,2023-03-20 00:00:00
1170,197,2023-07-10 00:00:00
1171,227,2023-04-05 00:00:00
1172,352,2023-08-12 00:00:00
1173,325,2023-02-08 00:00:00
1174,63,2023-09-22 00:00:00
1175,212,2023-02-02 00:00:00
1176,487,2023-04-02 00:00:00
1177,431,2023-10-25 00:00:00
1178,135,2023-05-11 00:00:00
1179,428,2023-11-20 00:00:00
1180,149,2023-01-24 00:00:00
1181,316,2023-01-23 00:00:00
1182,237,2023-11-26 00:00:00
1183,518,2023-01-15 00:00:00
1184,76,2023-05-13 00:00:00
1185,429,2023-10-02 00:00:00
1186,401,2023-08-01 00:00:00
1187,55,2023-12-28 00:00:00
1188,396,2023-05-04 00:00:00
1189,396,2023-09-01 00:00:00
1190,495,2023-06-23 00:00:00
1191,289,2023-06-08 00:00:00
1192,519,2023-03-20 00:00:00
1193,478,2023-06-17 00:00:00
1194,52,2023-05-29 00:00:00
1195,213,2023-12-26 00:00:00
1196,298,2023-05-23 00:00:00
1197,511,2023-11-19 00:00:00
1198,264,2023-10-31 00:00:00
1199,317,2023-01-31 00:00:00
1200,55,2023-03-07 00:00:00
1201,515,2023-01-19 00:00:00
1202,394,2023-03-06 00:00:00
1203,320,2023-10-15 00:00:00
1204,172,2023-02-05 00:00:00
1205,276,2023-09-26 00:00:00
1206,513,2023-08-24 00:00:00
1207,44,2023-05-03 00:00:00
1208,225,2023-08-15 00:00:00
1209,152,2023-10-01 00:00:00
1210,306,2023-03-18 00:00:00
1211,41,2023-04-22 00:00:00
1212,383,2023-07-24 00:00:00
1213,527,2023-09-29 00:00:00
1214,219,2023-11-07 00:00:00
1215,44,2023-08-07 00:00:00
1216,464,2023-06-11 00:00:00
1217,26,2023-08-30 00:00:00
1218,128,2023-01-12 00:00:00
1219,27,2023-08-19 00:00:00
1220,232,2023-08-23 00:00:00
1221,51,2023-06-01 00:00:00
1222,528,2023-06-26 00:00:00
1223,529,2023-01-24 00:00:00
1224,407,2023-09-02 00:00:00
1225,165,2023-06-11 00:00:00
1226,191,2023-01-12 00:00:00
1227,523,2023-02-09 00:00:00
1228,543,2023-09-01 00:00:00
1229,7,2023-01-09 00:00:00
1230,297,2023-01-21 00:00:00
1231,225,2023-02-26 00:00:00
1232,8,2023-05-23 00:00:00
1233,78,2023-03-16 00:00:00
1234,436,2023-04-16 00:00:00
1235,97,2023-03-04 00:00:00
1236,145,2023-12-30 00:00:00
1237,368,2023-03-22 00:00:00
1238,103,2023-09-06 00:00:00
1239,517,2023-06-22 00:00:00
1240,547,2023-11-11 00:00:00
1241,163,2023-10-17 00:00:00
1242,291,2023-03-12 00:00:00
1243,455,2023-02-12 00:00:00
1244,432,2023-06-09 00:00:00
1245,461,2023-04-11 00:00:00
1246,481,2023-10-24 00:00:00
1247,525,2023-07-25 00:00:00
1248,496,2023-08-11 00:00:00
1249,30,2023-07-01 00:00:00
1250,2,2023-12-22 00:00:00
1251,390,2023-05-01 00:00:00
1252,456,2023-02-26 00:00:00
1253,378,2023-06-04 00:00:00
1254,26,2023-01-20 00:00:00
1255,362,2023-05-11 00:00:00
1256,42,2023-05-16 00:00:00
1257,431,2023-09-01 00:00:00
1258,269,2023-08-19 00:00:00
1259,141,2023-12-04 00:00:00
1260,376,2023-03-24 00:00:00
1261,266,2023-08-23 00:00:00
1262,25,2023-11-17 00:00:00
1263,231,2023-04-26 00:00:00
1264,253,2023-12-25 00:00:00
1265,483,2023-12-19 00:00:00
1266,123,2023-04-19 00:00:00
1267,526,2023-03-09 00:00:00
1268,79,2023-10-13 00:00:00
1269,202,2023-08-17 00:00:00
1270,40,2023-12-28 00:00:00
1271,189,2023-12-22 00:00:00
1272,383,2023-12-15 00:00:00
1273,476,2023-09-13 00:00:00
1274,274,2023-10-29 00:00:00
1275,148,2023-10-17 00:00:00
1276,531,2023-09-20 00:00:00
1277,131,2023-01-20 00:00:00
1278,275,2023-04-18 00:00:00
1279,247,2023-08-22 00:00:00
1280,267,2023-07-26 00:00:00
1281,204,2023-06-09 00:00:00
1282,468,2023-01-29 00:00:00
1283,117,2023-03-22 00:00:00
1284,81,2023-02-22 00:00:00
1285,380,2023-04-25 00:00:00
1286,128,2023-06-14 00:00:00
1287,89,2023-03-16 00:00:00
1288,467,2023-04-27 00:00:00
1289,470,2023-03-28 00:00:00
1290,423,2023-03-03 00:00:00
1291,204,2023-02-04 00:00:00
1292,491,2023-03-15 00:00:00
1293,217,2023-02-19 00:00:00
1294,458,2023-08-01 00:00:00
1295,209,2023-05-26 00:00:00
1296,141,2023-05-14 00:00:00
1297,184,2023-07-16 00:00:00
1298,125,2023-12-11 00:00:00
1299,525,2023-02-01 00:00:00
1300,356,2023-09-27 00:00:00
1301,234,2023-05-01 00:00:00
1302,195,2023-09-29 00:00:00
1303,508,2023-06-24 00:00:00
1304,473,2023-10-11 00:00:00
1305,284,2023-04-26 00:00:00
1306,345,2023-04-05 00:00:00
1307,115,2023-02-21 00:00:00
1308,145,2023-02-11 00:00:00
1309,266,2023-04-24 00:00:00
1310,470,2023-05-29 00:00:00
1311,367,2023-08-30 00:00:00
1312,323,2023-10-30 00:00:00
1313,419,2023-02-11 00:00:00
1314,393,2023-08-12 00:00:00
1315,518,2023-07-27 00:00:00
1316,308,2023-09-15 00:00:00
1317,11,2023-08-08 00:00:00
1318,343,2023-07-18 00:00:00
1319,491,2023-03-30 00:00:00
1320,527,2023-08-23 00:00:00
1321,530,2023-04-09 00:00:00
1322,199,2023-05-23 00:00:00
1323,202,2023-10-27 00:00:00
1324,144,2023-04-25 00:00:00
1325,237,2023-06-10 00:00:00
1326,393,2023-04-16 00:00:00
1327,319,2023-10-21 00:00:00
1328,534,2023-11-28 00:00:00
1329,55,2023-09-06 00:00:00
1330,48,2023-06-02 00:00:00
1331,189,2023-03-06 00:00:00
1332,14,2023-11-18 00:00:00
1333,458,2023-10-13 00:00:00
1334,485,2023-12-30 00:00:00
1335,111,2023-09-01 00:00:00
1336,81,2023-02-15 00:00:00
1337,231,2023-01-26 00:00:00
1338,148,2023-03-07 00:00:00
1339,3,2023-04-04 00:00:00
1340,88,2023-09-24 00:00:00
1341,156,2023-07-21 00:00:00
1342,60,2023-09-09 00:00:00
1343,317,2023-10-06 00:00:00
1344,544,2023-05-17 00:00:00
1345,271,2023-05-28 00:00:00
1346,335,2023-07-19 00:00:00
1347,504,2023-02-02 00:00:00
1348,164,2023-06-16 00:00:00
1349,225,2023-06-25 00:00:00
1350,412,2023-03-08 00:00:00
1351,222,2023-03-27 00:00:00
1352,211,2023-11-22 00:00:00
1353,145,2023-09-01 00:00:00
1354,192,2023-11-25 00:00:00
1355,312,2023-03-21 00:00:00
1356,84,2023-08-17 00:00:00
1357,291,2023-10-25 00:00:00
1358,468,2023-11-29 00:00:00
1359,508,2023-05-30 00:00:00
1360,363,2023-05-24 00:00:00
1361,436,2023-10-18 00:00:00
1362,36,2023-11-20 00:00:00
1363,240,2023-02-12 00:00:00
1364,418,2023-05-17 00:00:00
1365,329,2023-01-22 00:00:00
1366,516,2023-12-26 00:00:00
1367,27,2023-08-22 00:00:00
1368,319,2023-02-28 00:00:00
1369,2,2023-04-11 00:00:00
1370,160,2023-03-18 00:00:00
1371,387,2023-07-10 00:00:00
1372,108,2023-10-15 00:00:00
1373,131,2023-04-13 00:00:00
1374,51,2023-07-15 00:00:00
1375,26,2023-06-08 00:00:00
1376,332,2023-09-20 00:00:00
1377,489,2023-05-11 00:00:00
1378,140,2023-06-22 00:00:00
1379,363,2023-05-09 00:00:00
1380,133,2023-01-03 00:00:00
1381,393,2023-02-02 00:00:00
1382,275,2023-06-06 00:00:00
1383,230,2023-01-06 00:00:00
1384,434,2023-10-25 00:00:00
1385,508,2023-04-20 00:00:00
1386,401,2023-04-25 00:00:00
1387,117,2023-03-26 00:00:00
1388,82,2023-01-28 00:00:00
1389,331,2023-09-09 00:00:00
1390,418,2023-07-26 00:00:00
1391,396,2023-05-24 00:00:00
1392,63,2023-07-10 00:00:00
1393,345,2023-08-08 00:00:00
1394,123,2023-06-09 00:00:00
1395,434,2023-02-16 00:00:00
1396,184,2023-05-18 00:00:00
1397,169,2023-12-12 00:00:00
1398,488,2023-06-29 00:00:00
1399,137,2023-10-17 00:00:00
1400,234,2023-04-15 00:00:00
1401,336,2023-07-16 00:00:00
1402,541,2023-12-16 00:00:00
1403,175,2023-01-21 00:00:00
1404,335,2023-11-23 00:00:00
1405,358,2023-08-18 00:00:00
1406,157,2023-05-06 00:00:00
1407,2,2023-02-03 00:00:00
1408,235,2023-01-16 00:00:00
1409,230,2023-12-30 00:00:00
1410,210,2023-06-26 00:00:00
1411,235,2023-04-10 00:00:00
1412,236,2023-07-27 00:00:00
1413,195,2023-10-18 00:00:00
1414,492,2023-02-22 00:00:00
1415,297,2023-02-04 00:00:00
1416,487,2023-02-18 00:00:00
1417,538,2023-12-19 00:00:00
1418,379,2023-12-24 00:00:00
1419,414,2023-10-12 00:00:00
1420,56,2023-01-14 00:00:00
1421,111,2023-10-05 00:00:00
1422,354,2023-10-29 00:00:00
1423,256,2023-05-02 00:00:00
1424,48,2023-06-15 00:00:00
1425,74,2023-01-16 00:00:00
1426,286,2023-05-12 00:00:00
1427,112,2023-06-26 00:00:00
1428,265,2023-06-27 00:00:00
1429,321,2023-03-08 00:00:00
1430,236,2023-10-25 00:00:00
1431,319,2023-02-20 00:00:00
1432,401,2023-02-01 00:00:00
1433,145,2023-05-27 00:00:00
1434,199,2023-09-12 00:00:00
1435,290,2023-02-01 00:00:00
1436,509,2023-02-06 00:00:00
1437,106,2023-11-04 00:00:00
1438,83,2023-12-09 00:00:00
1439,51,2023-09-28 00:00:00
1440,484,2023-02-20 00:00:00
1441,485,2023-10-07 00:00:00
1442,118,2023-07-23 00:00:00
1443,127,2023-06-24 00:00:00
1444,43,2023-04-06 00:00:00
1445,218,2023-08-25 00:00:00
1446,527,2023-05-16 00:00:00
1447,480,2023-12-26 00:00:00
1448,2,2023-01-19 00:00:00
1449,96,2023-01-23 00:00:00
1450,1,2023-06-16 00:00:00
1451,147,2023-04-06 00:00:00
1452,409,2023-04-06 00:00:00
1453,46,2023-11-05 00:00:00
1454,268,2023-01-29 00:00:00
1455,355,2023-04-28 00:00:00
1456,16,2023-12-26 00:00:00
1457,282,2023-09-20 00:00:00
1458,213,2023-07-14 00:00:00
1459,252,2023-07-26 00:00:00
1460,463,2023-10-08 00:00:00
1461,238,2023-02-27 00:00:00
1462,255,2023-11-29 00:00:00
1463,85,2023-08-21 00:00:00
1464,41,2023-10-19 00:00:00
1465,402,2023-02-28 00:00:00
1466,424,2023-11-07 00:00:00
1467,473,2023-11-04 00:00:00
1468,355,2023-04-10 00:00:00
1469,8,2023-02-07 00:00:00
1470,478,2023-02-10 00:00:00
1471,398,2023-10-02 00:00:00
1472,134,2023-04-08 00:00:00
1473,74,2023-01-22 00:00:00
1474,292,2023-08-26 00:00:00
1475,89,2023-12-25 00:00:00
1476,272,2023-11-24 00:00:00
1477,199,2023-05-29 00:00:00
1478,263,2023-07-22 00:00:00
1479,59,2023-11-19 00:00:00
1480,348,2023-07-16 00:00:00
1481,1,2023-05-31 00:00:00
1482,437,2023-09-15 00:00:00
1483,267,2023-11-23 00:00:00
1484,524,2023-04-09 00:00:00
1485,406,2023-04-14 00:00:00
1486,449,2023-04-05 00:00:00
1487,103,2023-08-24 00:00:00
1488,112,2023-03-30 00:00:00
1489,7,2023-09-29 00:00:00
1490,454,2023-12-17 00:00:00
1491,477,2023-04-28 00:00:00
1492,494,2023-06-10 00:00:00
1493,111,2023-11-08 00:00:00
1494,59,2023-01-18 00:00:00
1495,240,2023-05-23 00:00:00
1496,466,2023-08-16 00:00:00
1497,456,2023-08-25 00:00:00
1498,352,2023-05-20 00:00:00
1499,519,2023-11-11 00:00:00
1500,339,2023-06-02 00:00:00
1501,117,2023-07-29 00:00:00
1502,346,2023-04-04 00:00:00
1503,244,2023-08-11 00:00:00
1504,394,2023-12-22 00:00:00
1505,417,2023-01-30 00:00:00
1506,384,2023-11-29 00:00:00
1507,436,2023-05-12 00:00:00
1508,211,2023-11-16 00:00:00
1509,436,2023-04-22 00:00:00
1510,362,2023-02-06 00:00:00
1511,216,2023-08-13 00:00:00
1512,267,2023-01-11 00:00:00
1513,177,2023-11-07 00:00:00
1514,422,2023-08-23 00:00:00
1515,79,2023-05-27 00:00:00
1516,440,2023-11-17 00:00:00
1517,412,2023-02-03 00:00:00
1518,451,2023-03-04 00:00:00
1519,289,2023-06-30 00:00:00
1520,362,2023-05-25 00:00:00
1521,144,2023-11-14 00:00:00
1522,300,2023-09-01 00:00:00
1523,421,2023-12-19 00:00:00
1524,138,2023-09-25 00:00:00
1525,151,2023-05-13 00:00:00
1526,422,2023-06-09 00:00:00
1527,51,2023-02-07 00:00:00
1528,49,2023-01-01 00:00:00
1529,87,2023-05-14 00:00:00
1530,142,2023-02-17 00:00:00
1531,228,2023-01-11 00:00:00
1532,448,2023-12-24 00:00:00
1533,8,2023-06-28 00:00:00
1534,162,2023-06-30 00:00:00
1535,471,2023-08-30 00:00:00
1536,219,2023-08-28 00:00:00
1537,335,2023-05-15 00:00:00
1538,401,2023-10-11 00:00:00
1539,419,2023-01-31 00:00:00
1540,498,2023-02-02 00:00:00
1541,212,2023-04-21 00:00:00
1542,357,2023-07-29 00:00:00
1543,132,2023-10-21 00:00:00
1544,390,2023-01-22 00:00:00
1545,149,2023-10-02 00:00:00
1546,218,2023-04-15 00:00:00
1547,532,2023-03-10 00:00:00
1548,76,2023-12-27 00:00:00
1549,96,2023-08-22 00:00:00
1550,34,2023-10-13 00:00:00
1551,268,2023-06-22 00:00:00
1552,360,2023-05-25 00:00:00
1553,248,2023-01-11 00:00:00
1554,18,2023-10-16 00:00:00
1555,14,2023-02-28 00:00:00
1556,437,2023-01-16 00:00:00
1557,121,2023-03-26 00:00:00
1558,96,2023-10-03 00:00:00
1559,357,2023-07-14 00:00:00
1560,184,2023-06-04 00:00:00
1561,360,2023-05-08 00:00:00
1562,439,2023-11-02 00:00:00
1563,53,2023-12-16 00:00:00
1564,410,2023-01-03 00:00:00
1565,120,2023-08-07 00:00:00
1566,107,2023-04-07 00:00:00
1567,452,2023-08-21 00:00:00
1568,82,2023-08-14 00:00:00
1569,411,2023-08-23 00:00:00
1570,23,2023-03-10 00:00:00
1571,264,2023-08-27 00:00:00
1572,185,2023-09-01 00:00:00
1573,435,2023-11-06 00:00:00
1574,496,2023-03-29 00:00:00
1575,396,2023-06-03 00:00:00
1576,460,2023-02-14 00:00:00
1577,257,2023-06-29 00:00:00
1578,186,2023-04-15 00:00:00
1579,364,2023-11-25 00:00:00
1580,312,2023-10-19 00:00:00
1581,504,2023-06-21 00:00:00
1582,392,2023-10-28 00:00:00
1583,407,2023-01-02 00:00:00
1584,268,2023-05-14 00:00:00
1585,52,2023-02-06 00:00:00
1586,9,2023-06-12 00:00:00
1587,136,2023-01-26 00:00:00
1588,223,2023-12-05 00:00:00
1589,460,2023-02-01 00:00:00
1590,437,2023-11-12 00:00:00
1591,259,2023-01-07 00:00:00
1592,504,2023-06-11 00:00:00
1593,46,2023-08-30 00:00:00
1594,202,2023-02-19 00:00:00
1595,43,2023-04-12 00:00:00
1596,511,2023-04-19 00:00:00
1597,543,2023-12-14 00:00:00
1598,261,2023-11-06 00:00:00
1599,97,2023-06-05 00:00:00
1600,466,2023-12-28 00:00:00
1601,260,2023-03-25 00:00:00
1602,521,2023-08-04 00:00:00
1603,37,2023-08-09 00:00:00
1604,93,2023-09-07 00:00:00
1605,494,2023-04-27 00:00:00
1606,5,2023-09-23 00:00:00
1607,538,2023-06-19 00:00:00
1608,228,2023-05-03 00:00:00
1609,366,2023-09-17 00:00:00
1610,426,2023-01-16 00:00:00
1611,537,2023-07-16 00:00:00
1612,19,2023-07-23 00:00:00
1613,7,2023-04-21 00:00:00
1614,78,2023-03-26 00:00:00
1615,149,2023-02-18 00:00:00
1616,22,2023-02-28 00:00:00
1617,224,2023-03-10 00:00:00
1618,418,2023-08-22 00:00:00
1619,434,2023-10-12 00:00:00
1620,521,2023-08-13 00:00:00
1621,493,2023-08-05 00:00:00
1622,428,2023-10-18 00:00:00
1623,37,2023-04-28 00:00:00
1624,99,2023-10-06 00:00:00
1625,542,2023-08-24 00:00:00
1626,108,2023-11-30 00:00:00
1627,541,2023-12-07 00:00:00
1628,445,2023-11-22 00:00:00
1629,294,2023-03-04 00:00:00
1630,489,2023-04-09 00:00:00
1631,77,2023-05-04 00:00:00
1632,239,2023-04-06 00:00:00
1633,300,2023-11-25 00:00:00
1634,77,2023-04-01 00:00:00
1635,53,2023-02-07 00:00:00
1636,321,2023-05-24 00:00:00
1637,464,2023-07-01 00:00:00
1638,537,2023-07-03 00:00:00
1639,380,2023-12-10 00:00:00
1640,205,2023-07-09 00:00:00
1641,162,2023-05-07 00:00:00
1642,354,2023-12-18 00:00:00
1643,281,2023-03-15 00:00:00
1644,186,2023-12-08 00:00:00
1645,517,2023-04-06 00:00:00
1646,102,2023-09-22 00:00:00
1647,347,2023-08-03 00:00:00
1648,438,2023-09-12 00:00:00
1649,461,2023-04-02 00:00:00
1650,433,2023-05-17 00:00:00
1651,467,2023-04-01 00:00:00
1652,336,2023-08-06 00:00:00
1653,249,2023-11-07 00:00:00
1654,207,2023-01-19 00:00:00
1655,331,2023-12-12 00:00:00
1656,520,2023-12-31 00:00:00
1657,172,2023-12-10 00:00:00
1658,478,2023-06-27 00:00:00
1659,404,2023-07-27 00:00:00
1660,176,2023-01-13 00:00:00
1661,145,2023-02-22 00:00:00
1662,239,2023-10-06 00:00:00
1663,508,2023-10-24 00:00:00
1664,369,2023-01-26 00:00:00
1665,484,2023-12-28 00:00:00
1666,412,2023-08-28 00:00:00
1667,66,2023-01-28 00:00:00
1668,502,2023-03-19 00:00:00
1669,507,2023-02-17 00:00:00
1670,341,2023-06-04 00:00:00
1671,520,2023-03-19 00:00:00
1672,186,2023-12-03 00:00:00
1673,418,2023-01-29 00:00:00
1674,128,2023-01-19 00:00:00
1675,450,2023-05-20 00:00:00
1676,197,2023-09-14 00:00:00
1677,216,2023-10-20 00:00:00
1678,201,2023-07-22 00:00:00
1679,181,2023-02-11 00:00:00
1680,298,2023-08-30 00:00:00
1681,157,2023-08-02 00:00:00
1682,375,2023-05-18 00:00:00
1683,546,2023-09-13 00:00:00
1684,417,2023-08-07 00:00:00
1685,1,2023-02-25 00:00:00
1686,119,2023-12-19 00:00:00
1687,395,2023-01-21 00:00:00
1688,417,2023-02-07 00:00:00
1689,516,2023-06-03 00:00:00
1690,69,2023-11-11 00:00:00
1691,293,2023-04-24 00:00:00
1692,504,2023-08-04 00:00:00
1693,256,2023-03-23 00:00:00
1694,274,2023-11-03 00:00:00
1695,538,2023-01-20 00:00:00
1696,272,2023-02-15 00:00:00
1697,246,2023-02-17 00:00:00
1698,424,2023-04-10 00:00:00
1699,542,2023-06-02 00:00:00
1700,201,2023-04-30 00:00:00
1701,236,2023-08-01 00:00:00
1702,105,2023-05-10 00:00:00
1703,520,2023-10-30 00:00:00
1704,148,2023-02-04 00:00:00
1705,204,2023-09-02 00:00:00
1706,241,2023-09-29 00:00:00
1707,18,2023-08-12 00:00:00
1708,46,2023-08-11 00:00:00
1709,14,2023-03-15 00:00:00
1710,340,2023-02-03 00:00:00
1711,213,2023-09-18 00:00:00
1712,444,2023-03-31 00:00:00
1713,328,2023-10-14 00:00:00
1714,137,2023-01-19 00:00:00
1715,390,2023-02-25 00:00:00
1716,80,2023-08-01 00:00:00
1717,414,2023-09-26 00:00:00
1718,183,2023-11-29 00:00:00
1719,184,2023-09-15 00:00:00
1720,202,2023-08-04 00:00:00
1721,486,2023-11-20 00:00:00
1722,32,2023-01-21 00:00:00
1723,361,2023-05-04 00:00:00
1724,122,2023-03-04 00:00:00
1725,483,2023-09-17 00:00:00
1726,407,2023-05-14 00:00:00
1727,172,2023-03-01 00:00:00
1728,447,2023-03-10 00:00:00
1729,474,2023-11-28 00:00:00
1730,330,2023-11-01 00:00:00
1731,545,2023-05-01 00:00:00
1732,371,2023-03-11 00:00:00
1733,162,2023-02-23 00:00:00
1734,74,2023-12-31 00:00:00
1735,127,2023-05-13 00:00:00
1736,310,2023-02-08 00:00:00
1737,327,2023-08-20 00:00:00
1738,83,2023-02-21 00:00:00
1739,339,2023-01-09 00:00:00
1740,517,2023-10-14 00:00:00
1741,45,2023-05-28 00:00:00
1742,22,2023-11-19 00:00:00
1743,33,2023-12-25 00:00:00
1744,71,2023-06-29 00:00:00
1745,98,2023-03-08 00:00:00
1746,147,2023-03-29 00:00:00
1747,245,2023-05-22 00:00:00
1748,258,2023-08-17 00:00:00
1749,184,2023-08-07 00:00:00
1750,543,2023-10-18 00:00:00
1751,175,2023-03-11 00:00:00
1752,123,2023-12-12 00:00:00
1753,301,2023-08-08 00:00:00
1754,190,2023-10-18 00:00:00
1755,401,2023-06-08 00:00:00
1756,104,2023-07-30 00:00:00
1757,184,2023-08-02 00:00:00
1758,153,2023-06-27 00:00:00
1759,395,2023-08-29 00:00:00
1760,50,2023-04-26 00:00:00
1761,308,2023-02-13 00:00:00
1762,391,2023-04-18 00:00:00
1763,275,2023-11-04 00:00:00
1764,8,2023-12-08 00:00:00
1765,145,2023-07-12 00:00:00
1766,366,2023-05-30 00:00:00
1767,341,2023-05-13 00:00:00
1768,137,2023-05-29 00:00:00
1769,214,2023-08-24 00:00:00
1770,224,2023-08-25 00:00:00
1771,268,2023-11-15 00:00:00
1772,450,2023-04-27 00:00:00
1773,40,2023-07-13 00:00:00
1774,474,2023-11-20 00:00:00
1775,501,2023-03-05 00:00:00
1776,520,2023-05-19 00:00:00
1777,488,2023-02-18 00:00:00
1778,429,2023-04-06 00:00:00
1779,453,2023-07-27 00:00:00
1780,384,2023-06-02 00:00:00
1781,389,2023-09-19 00:00:00
1782,6,2023-06-22 00:00:00
1783,133,2023-11-16 00:00:00
1784,202,2023-09-15 00:00:00
1785,44,2023-04-30 00:00:00
1786,523,2023-06-14 00:00:00
1787,539,2023-07-02 00:00:00
1788,101,2023-12-12 00:00:00
1789,235,2023-05-15 00:00:00
1790,188,2023-06-22 00:00:00
1791,132,2023-08-14 00:00:00
1792,349,2023-07-31 00:00:00
1793,36,2023-11-10 00:00:00
1794,268,2023-02-13 00:00:00
1795,241,2023-06-01 00:00:00
1796,160,2023-02-07 00:00:00
1797,160,2023-09-03 00:00:00
1798,376,2023-02-21 00:00:00
1799,376,2023-04-20 00:00:00
1800,83,2023-12-07 00:00:00
1801,439,2023-10-21 00:00:00
1802,482,2023-10-09 00:00:00
1803,257,2023-10-12 00:00:00
1804,335,2023-07-11 00:00:00
1805,247,2023-11-28 00:00:00
1806,201,2023-06-20 00:00:00
1807,157,2023-10-31 00:00:00
1808,35,2023-11-27 00:00:00
1809,160,2023-11-24 00:00:00
1810,342,2023-03-08 00:00:00
1811,391,2023-12-29 00:00:00
1812,109,2023-02-12 00:00:00
1813,58,2023-11-17 00:00:00
1814,222,2023-10-15 00:00:00
1815,252,2023-10-10 00:00:00
1816,545,2023-04-12 00:00:00
1817,120,2023-11-05 00:00:00
1818,35,2023-03-14 00:00:00
1819,145,2023-02-26 00:00:00
1820,42,2023-12-09 00:00:00
1821,42,2023-11-30 00:00:00
1822,170,2023-10-25 00:00:00
1823,521,2023-05-17 00:00:00
1824,88,2023-05-25 00:00:00
1825,44,2023-05-17 00:00:00
1826,517,2023-04-03 00:00:00
1827,202,2023-06-17 00:00:00
1828,241,2023-12-30 00:00:00
1829,496,2023-12-04 00:00:00
1830,381,2023-05-25 00:00:00
1831,337,2023-02-04 00:00:00
1832,243,2023-02-08 00:00:00
1833,322,2023-04-12 00:00:00
1834,80,2023-06-29 00:00:00
1835,293,2023-07-23 00:00:00
1836,537,2023-11-04 00:00:00
1837,411,2023-02-20 00:00:00
1838,486,2023-03-16 00:00:00
1839,376,2023-08-03 00:00:00
1840,76,2023-10-29 00:00:00
1841,546,2023-03-25 00:00:00
1842,367,2023-08-20 00:00:00
1843,25,2023-06-27 00:00:00
1844,478,2023-11-01 00:00:00
1845,103,2023-07-11 00:00:00
1846,141,2023-07-11 00:00:00
1847,343,2023-05-05 00:00:00
1848,195,2023-12-30 00:00:00
1849,124,2023-08-23 00:00:00
1850,210,2023-08-17 00:00:00
1851,399,2023-01-17 00:00:00
1852,252,2023-11-27 00:00:00
1853,529,2023-11-06 00:00:00
1854,128,2023-11-02 00:00:00
1855,350,2023-03-30 00:00:00
1856,304,2023-06-16 00:00:00
1857,411,2023-09-18 00:00:00
1858,65,2023-01-02 00:00:00
1859,381,2023-10-05 00:00:00
1860,290,2023-03-29 00:00:00
1861,436,2023-10-25 00:00:00
1862,2,2023-01-12 00:00:00
1863,370,2023-11-21 00:00:00
1864,2,2023-10-19 00:00:00
1865,297,2023-10-15 00:00:00
1866,244,2023-10-12 00:00:00
1867,28,2023-02-07 00:00:00
1868,199,2023-05-12 00:00:00
1869,486,2023-03-30 00:00:00
1870,297,2023-12-27 00:00:00
1871,262,2023-08-04 00:00:00
1872,192,2023-01-31 00:00:00
1873,448,2023-08-31 00:00:00
1874,524,2023-05-17 00:00:00
1875,141,2023-09-06 00:00:00
1876,423,2023-08-20 00:00:00
1877,219,2023-10-08 00:00:00
1878,442,2023-06-04 00:00:00
1879,153,2023-12-02 00:00:00
1880,298,2023-12-14 00:00:00
1881,196,2023-01-15 00:00:00
1882,509,2023-06-25 00:00:00
1883,266,2023-06-07 00:00:00
1884,403,2023-09-29 00:00:00
1885,495,2023-03-03 00:00:00
1886,456,2023-06-25 00:00:00
1887,428,2023-03-28 00:00:00
1888,509,2023-04-18 00:00:00
1889,381,2023-06-22 00:00:00
1890,215,2023-03-07 00:00:00
1891,69,2023-04-24 00:00:00
1892,398,2023-10-03 00:00:00
1893,205,2023-02-28 00:00:00
1894,387,2023-07-19 00:00:00
1895,538,2023-01-08 00:00:00
1896,424,2023-11-22 00:00:00
1897,92,2023-02-11 00:00:00
1898,511,2023-07-14 00:00:00
1899,514,2023-01-23 00:00:00
1900,305,2023-05-09 00:00:00
1901,432,2023-10-03 00:00:00
1902,241,2023-01-13 00:00:00
1903,476,2023-02-20 00:00:00
1904,70,2023-12-08 00:00:00
1905,102,2023-05-02 00:00:00
1906,383,2023-10-10 00:00:00
1907,157,2023-07-27 00:00:00
1908,374,2023-12-22 00:00:00
1909,108,2023-05-31 00:00:00
1910,312,2023-07-01 00:00:00
1911,214,2023-10-12 00:00:00
1912,369,2023-05-13 00:00:00
1913,156,2023-06-23 00:00:00
1914,281,2023-12-02 00:00:00
1915,287,2023-09-01 00:00:00
1916,193,2023-01-07 00:00:00
1917,31,2023-05-27 00:00:00
1918,11,2023-12-21 00:00:00
1919,273,2023-03-30 00:00:00
1920,286,2023-08-27 00:00:00
1921,192,2023-11-17 00:00:00
1922,350,2023-07-17 00:00:00
1923,88,2023-07-25 00:00:00
1924,299,2023-02-12 00:00:00
1925,203,2023-08-01 00:00:00
1926,334,2023-03-14 00:00:00
1927,258,2023-12-09 00:00:00
1928,205,2023-03-30 00:00:00
1929,478,2023-12-30 00:00:00
1930,224,2023-05-25 00:00:00
1931,22,2023-10-22 00:00:00
1932,85,2023-05-25 00:00:00
1933,322,2023-09-15 00:00:00
1934,312,2023-11-29 00:00:00
1935,207,2023-08-01 00:00:00
1936,215,2023-11-09 00:00:00
1937,472,2023-09-27 00:00:00
1938,52,2023-05-11 00:00:00
1939,447,2023-01-11 00:00:00
1940,129,2023-11-16 00:00:00
1941,83,2023-11-22 00:00:00
1942,475,2023-08-24 00:00:00
1943,149,2023-12-26 00:00:00
1944,35,2023-04-08 00:00:00
1945,305,2023-07-10 00:00:00
1946,172,2023-11-05 00:00:00
1947,403,2023-04-15 00:00:00
1948,517,2023-02-08 00:00:00
1949,442,2023-04-20 00:00:00
1950,248,2023-08-04 00:00:00
1951,485,2023-06-21 00:00:00
1952,114,2023-03-13 00:00:00
1953,270,2023-06-06 00:00:00
1954,514,2023-02-14 00:00:00
1955,457,2023-05-09 00:00:00
1956,487,2023-06-02 00:00:00
1957,5,2023-07-07 00:00:00
1958,504,2023-01-12 00:00:00
1959,283,2023-08-15 00:00:00
1960,83,2023-06-21 00:00:00
1961,503,2023-06-08 00:00:00
1962,405,2023-01-20 00:00:00
1963,125,2023-08-16 00:00:00
1964,514,2023-08-24 00:00:00
1965,301,2023-03-10 00:00:00
1966,250,2023-04-11 00:00:00
1967,363,2023-03-17 00:00:00
1968,494,2023-06-16 00:00:00
1969,36,2023-10-26 00:00:00
1970,334,2023-01-27 00:00:00
1971,227,2023-03-10 00:00:00
1972,538,2023-01-25 00:00:00
1973,127,2023-06-30 00:00:00
1974,64,2023-09-07 00:00:00
1975,440,2023-11-25 00:00:00
1976,413,2023-01-08 00:00:00
1977,184,2023-05-21 00:00:00
1978,526,2023-11-17 00:00:00
1979,516,2023-05-14 00:00:00
1980,353,2023-07-19 00:00:00
1981,514,2023-11-20 00:00:00
1982,319,2023-12-02 00:00:00
1983,380,2023-01-08 00:00:00
1984,95,2023-01-09 00:00:00
1985,396,2023-06-15 00:00:00
1986,543,2023-05-07 00:00:00
1987,241,2023-04-02 00:00:00
1988,333,2023-05-29 00:00:00
1989,21,2023-05-22 00:00:00
1990,299,2023-02-04 00:00:00
1991,150,2023-12-07 00:00:00
1992,210,2023-03-12 00:00:00
1993,203,2023-01-14 00:00:00
1994,539,2023-10-09 00:00:00
1995,400,2023-10-04 00:00:00
1996,350,2023-06-02 00:00:00
1997,402,2023-07-12 00:00:00
1998,461,2023-02-18 00:00:00
1999,70,2023-07-26 00:00:00
2000,14,2023-10-01 00:00:00
2001,240,2023-07-24 00:00:00
2002,256,2023-10-16 00:00:00
2003,519,2023-05-13 00:00:00
2004,522,2023-12-01 00:00:00
2005,198,2023-05-02 00:00:00
2006,424,2023-08-20 00:00:00
2007,4,2023-08-16 00:00:00
2008,145,2023-05-20 00:00:00
2009,239,2023-05-02 00:00:00
2010,427,2023-07-01 00:00:00
2011,372,2023-03-28 00:00:00
2012,301,2023-10-17 00:00:00
2013,118,2023-03-26 00:00:00
2014,540,2023-11-03 00:00:00
2015,247,2023-01-23 00:00:00
2016,360,2023-07-07 00:00:00
2017,387,2023-11-20 00:00:00
2018,277,2023-10-02 00:00:00
2019,498,2023-09-01 00:00:00
2020,33,2023-10-29 00:00:00
2021,344,2023-02-18 00:00:00
2022,216,2023-04-18 00:00:00
2023,466,2023-06-18 00:00:00
2024,458,2023-10-29 00:00:00
2025,234,2023-11-28 00:00:00
2026,237,2023-08-24 00:00:00
2027,18,2023-05-04 00:00:00
2028,58,2023-12-11 00:00:00
2029,127,2023-09-23 00:00:00
2030,351,2023-12-16 00:00:00
2031,509,2023-09-02 00:00:00
2032,3,2023-11-23 00:00:00
2033,221,2023-03-20 00:00:00
2034,402,2023-12-30 00:00:00
2035,225,2023-08-13 00:00:00
2036,303,2023-01-11 00:00:00
2037,208,2023-12-06 00:00:00
2038,66,2023-01-24 00:00:00
2039,178,2023-12-30 00:00:00
2040,523,2023-09-16 00:00:00
2041,369,2023-10-12 00:00:00
2042,482,2023-04-12 00:00:00
2043,500,2023-10-09 00:00:00
2044,379,2023-12-31 00:00:00
2045,396,2023-01-22 00:00:00
2046,371,2023-02-17 00:00:00
2047,499,2023-03-28 00:00:00
2048,353,2023-06-14 00:00:00
2049,84,2023-01-22 00:00:00
2050,309,2023-08-04 00:00:00
2051,219,2023-11-28 00:00:00
2052,546,2023-04-20 00:00:00
2053,532,2023-12-24 00:00:00
2054,141,2023-10-17 00:00:00
2055,457,2023-12-27 00:00:00
2056,509,2023-05-07 00:00:00
2057,411,2023-03-06 00:00:00
2058,113,2023-09-05 00:00:00
2059,117,2023-10-22 00:00:00
2060,153,2023-10-06 00:00:00
2061,194,2023-12-03 00:00:00
2062,323,2023-09-24 00:00:00
2063,175,2023-04-23 00:00:00
2064,12,2023-07-12 00:00:00
2065,528,2023-07-17 00:00:00
2066,368,2023-03-12 00:00:00
2067,457,2023-07-09 00:00:00
2068,496,2023-02-07 00:00:00
2069,204,2023-07-05 00:00:00
2070,355,2023-09-02 00:00:00
2071,471,2023-05-17 00:00:00
2072,78,2023-05-01 00:00:00
2073,378,2023-03-08 00:00:00
2074,197,2023-07-04 00:00:00
2075,311,2023-09-08 00:00:00
2076,249,2023-07-07 00:00:00
2077,510,2023-08-21 00:00:00
2078,356,2023-09-30 00:00:00
2079,537,2023-04-09 00:00:00
2080,197,2023-08-20 00:00:00
2081,342,2023-02-10 00:00:00
2082,150,2023-03-23 00:00:00
2083,295,2023-05-29 00:00:00
2084,338,2023-08-15 00:00:00
2085,63,2023-02-04 00:00:00
2086,297,2023-07-02 00:00:00
2087,305,2023-03-25 00:00:00
2088,540,2023-08-03 00:00:00
2089,385,2023-03-25 00:00:00
2090,458,2023-10-12 00:00:00
2091,362,2023-03-22 00:00:00
2092,419,2023-06-03 00:00:00
2093,262,2023-07-16 00:00:00
2094,287,2023-01-07 00:00:00
2095,35,2023-09-15 00:00:00
2096,94,2023-05-04 00:00:00
2097,45,2023-10-24 00:00:00
2098,542,2023-05-22 00:00:00
2099,126,2023-12-03 00:00:00
2100,476,2023-04-18 00:00:00
2101,305,2023-04-02 00:00:00
2102,117,2023-06-14 00:00:00
2103,294,2023-06-11 00:00:00
2104,24,2023-08-03 00:00:00
2105,485,2023-10-17 00:00:00
2106,32,2023-12-19 00:00:00
2107,293,2023-05-08 00:00:00
2108,191,2023-02-26 00:00:00
2109,238,2023-02-08 00:00:00
2110,341,2023-09-08 00:00:00
2111,362,2023-12-22 00:00:00
2112,405,2023-02-16 00:00:00
2113,267,2023-10-28 00:00:00
2114,305,2023-04-24 00:00:00
2115,280,2023-12-22 00:00:00
2116,431,2023-05-17 00:00:00
2117,314,2023-09-10 00:00:00
2118,8,2023-02-16 00:00:00
2119,186,2023-07-20 00:00:00
2120,98,2023-09-09 00:00:00
2121,473,2023-04-18 00:00:00
2122,142,2023-11-21 00:00:00
2123,317,2023-12-08 00:00:00
2124,180,2023-06-10 00:00:00
2125,61,2023-01-14 00:00:00
2126,250,2023-12-20 00:00:00
2127,69,2023-02-21 00:00:00
2128,226,2023-04-11 00:00:00
2129,262,2023-11-16 00:00:00
2130,162,2023-09-03 00:00:00
2131,52,2023-11-10 00:00:00
2132,487,2023-02-06 00:00:00
2133,291,2023-10-05 00:00:00
2134,450,2023-03-02 00:00:00
2135,359,2023-07-23 00:00:00
2136,510,2023-10-18 00:00:00
2137,235,2023-06-26 00:00:00
2138,211,2023-02-21 00:00:00
2139,346,2023-03-27 00:00:00
2140,411,2023-04-16 00:00:00
2141,372,2023-01-29 00:00:00
2142,464,2023-11-27 00:00:00
2143,252,2023-03-22 00:00:00
2144,541,2023-03-27 00:00:00
2145,377,2023-02-22 00:00:00
2146,67,2023-01-09 00:00:00
2147,421,2023-12-13 00:00:00
2148,84,2023-06-10 00:00:00
2149,417,2023-07-31 00:00:00
2150,215,2023-01-09 00:00:00
2151,436,2023-06-17 00:00:00
2152,288,2023-09-29 00:00:00
2153,288,2023-10-27 00:00:00
2154,6,2023-02-23 00:00:00
2155,92,2023-07-16 00:00:00
2156,501,2023-07-02 00:00:00
2157,43,2023-03-22 00:00:00
2158,351,2023-05-13 00:00:00
2159,539,2023-06-05 00:00:00
2160,139,2023-04-17 00:00:00
2161,409,2023-05-14 00:00:00
2162,453,2023-09-10 00:00:00
2163,529,2023-11-29 00:00:00
2164,188,2023-05-21 00:00:00
2165,508,2023-04-19 00:00:00
2166,115,2023-03-10 00:00:00
2167,256,2023-05-06 00:00:00
2168,390,2023-01-30 00:00:00
2169,523,2023-05-09 00:00:00
2170,418,2023-04-13 00:00:00
2171,400,2023-07-12 00:00:00
2172,32,2023-09-27 00:00:00
2173,521,2023-07-02 00:00:00
2174,10,2023-03-22 00:00:00
2175,477,2023-02-17 00:00:00
2176,14,2023-03-12 00:00:00
2177,21,2023-10-08 00:00:00
2178,5,2023-03-15 00:00:00
2179,257,2023-08-04 00:00:00
2180,526,2023-02-11 00:00:00
2181,239,2023-06-05 00:00:00
2182,482,2023-10-14 00:00:00
2183,301,2023-10-27 00:00:00
2184,65,2023-03-20 00:00:00
2185,204,2023-09-25 00:00:00
2186,383,2023-06-02 00:00:00
2187,513,2023-05-04 00:00:00
2188,149,2023-07-19 00:00:00
2189,377,2023-08-12 00:00:00
2190,393,2023-07-25 00:00:00
2191,519,2023-03-15 00:00:00
2192,357,2023-10-23 00:00:00
2193,481,2023-06-24 00:00:00
2194,63,2023-03-30 00:00:00
2195,302,2023-05-20 00:00:00
2196,216,2023-12-12 00:00:00
2197,336,2023-01-28 00:00:00
2198,400,2023-08-29 00:00:00
2199,163,2023-11-03 00:00:00
2200,389,2023-04-22 00:00:00
2201,535,2023-06-11 00:00:00
2202,64,2023-06-06 00:00:00
2203,246,2023-10-23 00:00:00
2204,332,2023-03-14 00:00:00
2205,373,2023-03-09 00:00:00
2206,512,2023-05-18 00:00:00
2207,301,2023-07-13 00:00:00
2208,345,2023-01-11 00:00:00
2209,20,2023-07-09 00:00:00
2210,97,2023-11-08 00:00:00
2211,278,2023-04-29 00:00:00
2212,228,2023-11-12 00:00:00
2213,191,2023-09-28 00:00:00
2214,33,2023-11-21 00:00:00
2215,338,2023-09-28 00:00:00
2216,193,2023-11-02 00:00:00
2217,215,2023-10-10 00:00:00
2218,211,2023-03-10 00:00:00
2219,97,2023-04-03 00:00:00
2220,388,2023-05-29 00:00:00
2221,2,2023-08-09 00:00:00
2222,50,2023-01-27 00:00:00
2223,99,2023-10-19 00:00:00
2224,205,2023-11-02 00:00:00
2225,450,2023-11-08 00:00:00
2226,473,2023-08-04 00:00:00
2227,15,2023-05-24 00:00:00
2228,17,2023-04-08 00:00:00
2229,544,2023-02-21 00:00:00
2230,508,2023-06-16 00:00:00
2231,94,2023-09-08 00:00:00
2232,213,2023-03-15 00:00:00
2233,424,2023-03-13 00:00:00
2234,314,2023-04-20 00:00:00
2235,417,2023-07-23 00:00:00
2236,84,2023-04-16 00:00:00
2237,46,2023-06-30 00:00:00
2238,315,2023-09-06 00:00:00
2239,482,2023-08-08 00:00:00
2240,363,2023-09-25 00:00:00
2241,359,2023-03-06 00:00:00
2242,524,2023-09-27 00:00:00
2243,351,2023-04-30 00:00:00
2244,511,2023-02-06 00:00:00
2245,512,2023-06-07 00:00:00
2246,474,2023-03-15 00:00:00
2247,76,2023-08-05 00:00:00
2248,301,2023-10-12 00:00:00
2249,357,2023-01-24 00:00:00
2250,437,2023-06-28 00:00:00
2251,361,2023-08-26 00:00:00
2252,68,2023-09-07 00:00:00
2253,519,2023-11-26 00:00:00
2254,21,2023-04-04 00:00:00
2255,372,2023-02-14 00:00:00
2256,451,2023-06-17 00:00:00
2257,63,2023-05-16 00:00:00
2258,240,2023-01-11 00:00:00
2259,431,2023-03-12 00:00:00
2260,222,2023-06-16 00:00:00
2261,372,2023-06-24 00:00:00
2262,106,2023-10-04 00:00:00
2263,149,2023-04-10 00:00:00
2264,126,2023-07-21 00:00:00
2265,110,2023-01-03 00:00:00
2266,454,2023-05-02 00:00:00
2267,66,2023-06-29 00:00:00
2268,531,2023-05-26 00:00:00
2269,398,2023-09-22 00:00:00
2270,268,2023-07-17 00:00:00
2271,11,2023-09-09 00:00:00
2272,301,2023-06-18 00:00:00
2273,174,2023-09-23 00:00:00
2274,338,2023-08-15 00:00:00
2275,196,2023-05-28 00:00:00
2276,139,2023-11-22 00:00:00
2277,418,2023-04-01 00:00:00
2278,463,2023-12-02 00:00:00
2279,499,2023-05-07 00:00:00
2280,21,2023-09-21 00:00:00
2281,261,2023-05-11 00:00:00
2282,471,2023-03-04 00:00:00
2283,316,2023-04-21 00:00:00
2284,253,2023-10-18 00:00:00
2285,202,2023-03-04 00:00:00
2286,133,2023-09-24 00:00:00
2287,344,2023-08-17 00:00:00
2288,106,2023-07-24 00:00:00
2289,410,2023-07-14 00:00:00
2290,533,2023-06-04 00:00:00
2291,312,2023-11-04 00:00:00
2292,406,2023-06-07 00:00:00
2293,525,2023-04-26 00:00:00
2294,364,2023-08-26 00:00:00
2295,187,2023-02-08 00:00:00
2296,495,2023-12-26 00:00:00
2297,6,2023-02-25 00:00:00
2298,121,2023-09-15 00:00:00
2299,63,2023-10-19 00:00:00
2300,486,2023-04-21 00:00:00
2301,133,2023-01-09 00:00:00
2302,233,2023-08-20 00:00:00
2303,247,2023-04-25 00:00:00
2304,449,2023-10-23 00:00:00
2305,101,2023-07-04 00:00:00
2306,416,2023-02-22 00:00:00
2307,202,2023-09-03 00:00:00
2308,138,2023-12-23 00:00:00
2309,321,2023-01-10 00:00:00
2310,162,2023-08-10 00:00:00
2311,412,2023-01-15 00:00:00
2312,39,2023-01-20 00:00:00
2313,307,2023-02-11 00:00:00
2314,362,2023-01-07 00:00:00
2315,446,2023-11-04 00:00:00
2316,141,2023-07-01 00:00:00
2317,334,2023-05-10 00:00:00
2318,144,2023-07-29 00:00:00
2319,23,2023-03-23 00:00:00
2320,328,2023-01-12 00:00:00
2321,164,2023-01-17 00:00:00
2322,83,2023-02-22 00:00:00
2323,504,2023-11-27 00:00:00
2324,130,2023-05-09 00:00:00
2325,308,2023-11-15 00:00:00
2326,260,2023-08-08 00:00:00
2327,480,2023-11-27 00:00:00
2328,164,2023-12-30 00:00:00
2329,10,2023-02-16 00:00:00
2330,400,2023-10-05 00:00:00
2331,280,2023-03-26 00:00:00
2332,186,2023-04-08 00:00:00
2333,501,2023-05-28 00:00:00
2334,379,2023-05-09 00:00:00
2335,60,2023-07-09 00:00:00
2336,460,2023-03-09 00:00:00
2337,376,2023-06-19 00:00:00
2338,68,2023-10-19 00:00:00
2339,167,2023-08-21 00:00:00
2340,492,2023-05-24 00:00:00
2341,160,2023-01-27 00:00:00
2342,459,2023-09-26 00:00:00
2343,83,2023-09-11 00:00:00
2344,140,2023-03-01 00:00:00
2345,487,2023-11-15 00:00:00
2346,437,2023-12-01 00:00:00
2347,80,2023-01-17 00:00:00
2348,146,2023-08-10 00:00:00
2349,344,2023-06-18 00:00:00
2350,367,2023-01-27 00:00:00
2351,260,2023-09-13 00:00:00
2352,423,2023-05-24 00:00:00
2353,189,2023-10-29 00:00:00
2354,348,2023-06-01 00:00:00
2355,317,2023-09-08 00:00:00
2356,9,2023-08-09 00:00:00
2357,399,2023-06-10 00:00:00
2358,394,2023-08-28 00:00:00
2359,237,2023-12-19 00:00:00
2360,531,2023-05-09 00:00:00
2361,398,2023-02-09 00:00:00
2362,526,2023-03-28 00:00:00
2363,185,2023-10-12 00:00:00
2364,502,2023-05-03 00:00:00
2365,219,2023-07-28 00:00:00
2366,373,2023-08-12 00:00:00
2367,184,2023-04-26 00:00:00
2368,410,2023-11-02 00:00:00
2369,449,2023-01-30 00:00:00
2370,178,2023-04-23 00:00:00
2371,315,2023-09-22 00:00:00
2372,145,2023-01-19 00:00:00
2373,349,2023-09-17 00:00:00
2374,437,2023-11-03 00:00:00
2375,455,2023-01-12 00:00:00
2376,162,2023-02-28 00:00:00
2377,375,2023-08-18 00:00:00
2378,55,2023-09-10 00:00:00
2379,511,2023-08-26 00:00:00
2380,216,2023-05-20 00:00:00
2381,52,2023-05-31 00:00:00
2382,123,2023-12-18 00:00:00
2383,403,2023-05-04 00:00:00
2384,64,2023-07-08 00:00:00
2385,206,2023-10-25 00:00:00
2386,41,2023-04-10 00:00:00
2387,312,2023-01-23 00:00:00
2388,12,2023-10-26 00:00:00
2389,265,2023-11-29 00:00:00
2390,496,2023-10-22 00:00:00
2391,367,2023-04-06 00:00:00
2392,506,2023-11-22 00:00:00
2393,134,2023-05-04 00:00:00
2394,78,2023-03-28 00:00:00
2395,205,2023-10-17 00:00:00
2396,399,2023-11-01 00:00:00
2397,73,2023-11-08 00:00:00
2398,469,2023-01-08 00:00:00
2399,364,2023-03-06 00:00:00
2400,359,2023-07-17 00:00:00
2401,472,2023-07-14 00:00:00
2402,479,2023-05-29 00:00:00
2403,79,2023-01-13 00:00:00
2404,31,2023-01-19 00:00:00
2405,222,2023-06-19 00:00:00
2406,388,2023-08-17 00:00:00
2407,36,2023-12-22 00:00:00
2408,488,2023-01-03 00:00:00
2409,112,2023-10-17 00:00:00
2410,165,2023-04-07 00:00:00
2411,442,2023-01-20 00:00:00
2412,133,2023-06-05 00:00:00
2413,355,2023-04-23 00:00:00
2414,17,2023-02-04 00:00:00
2415,453,2023-02-23 00:00:00
2416,177,2023-08-13 00:00:00
2417,179,2023-03-23 00:00:00
2418,173,2023-01-10 00:00:00
2419,527,2023-08-22 00:00:00
2420,348,2023-11-14 00:00:00
2421,110,2023-01-28 00:00:00
2422,330,2023-09-28 00:00:00
2423,296,2023-07-28 00:00:00
2424,241,2023-04-13 00:00:00
2425,302,2023-11-27 00:00:00
2426,299,2023-08-08 00:00:00
2427,529,2023-07-28 00:00:00
2428,443,2023-03-11 00:00:00
2429,248,2023-04-28 00:00:00
2430,396,2023-05-16 00:00:00
2431,425,2023-02-16 00:00:00
2432,151,2023-02-14 00:00:00
2433,544,2023-03-04 00:00:00
2434,446,2023-02-03 00:00:00
2435,342,2023-11-11 00:00:00
2436,355,2023-05-07 00:00:00
2437,285,2023-05-27 00:00:00
2438,374,2023-09-21 00:00:00
2439,409,2023-03-09 00:00:00
2440,212,2023-12-24 00:00:00
2441,47,2023-10-23 00:00:00
2442,495,2023-01-17 00:00:00
2443,139,2023-02-11 00:00:00
2444,399,2023-02-18 00:00:00
2445,538,2023-03-13 00:00:00
2446,379,2023-10-09 00:00:00
2447,90,2023-01-31 00:00:00
2448,404,2023-02-26 00:00:00
2449,373,2023-10-26 00:00:00
2450,87,2023-03-01 00:00:00
2451,67,2023-11-26 00:00:00
2452,77,2023-06-05 00:00:00
2453,173,2023-08-17 00:00:00
2454,453,2023-09-13 00:00:00
2455,351,2023-12-02 00:00:00
2456,507,2023-04-21 00:00:00
2457,517,2023-12-11 00:00:00
2458,305,2023-02-22 00:00:00
2459,207,2023-08-24 00:00:00
2460,409,2023-07-25 00:00:00
2461,460,2023-12-28 00:00:00
2462,171,2023-07-30 00:00:00
2463,191,2023-10-06 00:00:00
2464,495,2023-09-10 00:00:00
2465,109,2023-02-03 00:00:00
2466,25,2023-09-11 00:00:00
2467,426,2023-04-12 00:00:00
2468,250,2023-09-21 00:00:00
2469,467,2023-02-24 00:00:00
2470,272,2023-05-03 00:00:00
2471,110,2023-05-09 00:00:00
2472,116,2023-01-08 00:00:00
2473,35,2023-10-15 00:00:00
2474,24,2023-01-15 00:00:00
2475,475,2023-11-09 00:00:00
2476,511,2023-05-21 00:00:00
2477,489,2023-01-05 00:00:00
2478,246,2023-11-11 00:00:00
2479,519,2023-01-30 00:00:00
2480,115,2023-03-21 00:00:00
2481,178,2023-05-04 00:00:00
2482,67,2023-08-11 00:00:00
2483,319,2023-01-23 00:00:00
2484,22,2023-02-14 00:00:00
2485,200,2023-08-03 00:00:00
2486,495,2023-05-25 00:00:00
2487,252,2023-03-04 00:00:00
2488,194,2023-04-18 00:00:00
2489,29,2023-02-25 00:00:00
2490,394,2023-06-24 00:00:00
2491,59,2023-04-25 00:00:00
2492,286,2023-10-01 00:00:00
2493,293,2023-02-20 00:00:00
2494,110,2023-09-13 00:00:00
2495,166,2023-12-31 00:00:00
2496,413,2023-07-05 00:00:00
2497,151,2023-03-09 00:00:00
2498,1,2023-04-22 00:00:00
2499,67,2023-01-09 00:00:00
2500,53,2023-05-09 00:00:00
2501,464,2023-10-20 00:00:00
2502,37,2023-09-25 00:00:00
2503,27,2023-03-11 00:00:00
2504,287,2023-02-07 00:00:00
2505,140,2023-02-13 00:00:00
2506,187,2023-07-04 00:00:00
2507,521,2023-06-30 00:00:00
2508,268,2023-09-29 00:00:00
2509,378,2023-09-26 00:00:00
